0,,,,,,,,,,,,Explanation of the method at https://www.reddit.com/r/decodoku/comments/5cvhgw/361_on_decodokucolors_current_high_score_by/
,,,0,0,0,0,0,0,0,,,
,,,3,3,2,2,0,0,0,,,
,,,0,0,0,0,6,6,0,,,
,,,0,0,0,0,0,5,5,,,
,,,0,0,0,0,0,0,0,,,
,,,0,0,0,0,4,0,0,,,
,,,0,0,1,1,4,0,0,,,
,,,,,,,,,,,,
,,,,,,,,,,,,
1,,,,,,,,,,,,
,,,0,0,0,0,0,0,0,,,
,,,3,3,2,2,0,0,0,,,
,,,0,0,0,0,6,6,0,,,
,,,0,0,0,0,0,5,5,,,
,,,0,0,0,0,0,0,0,,,
,,,0,0,0,0,4,0,0,,,
,,,0,0,0,0,4,0,0,,,
,,,,,,,,,,,,
,,,,,,,,,,,,
2,,,,,,,,,,,,
,,,0,0,0,0,0,0,0,,,
,,,3,3,2,2,0,0,0,,,
,,,0,0,0,0,6,6,0,,,
,,,0,0,0,0,0,5,5,,,
,,,0,0,0,0,0,0,0,,,
,,,0,0,0,0,0,0,0,,,
,,,0,0,0,0,0,0,0,,,
,,,,,,,,,,,,
,,,,,,,,,,,,
3,,,,,,,,,,,,
,,,0,0,0,0,0,0,0,,,
,,,3,3,2,2,0,0,0,,,
,,,0,0,0,0,6,6,0,,,
,,,0,0,0,0,0,0,0,,,
,,,0,0,0,0,0,0,0,,,
,,,0,0,0,0,0,0,0,,,
,,,0,0,0,0,0,0,0,,,
,,,,,,,,,,,,
,,,,,,,,,,,,
4,,,,,,,,,,,,
,,,0,0,0,0,0,0,0,,,
,,,3,3,2,2,0,0,0,,,
,,,0,0,0,0,0,0,0,,,
,,,0,0,0,0,0,0,0,,,
,,,0,0,0,0,0,0,0,,,
,,,0,0,0,0,0,0,0,,,
,,,0,0,0,0,0,0,0,,,
,,,,,,,,,,,,
,,,,,,,,,,,,
5,,,,,,,,,,,,
,,,0,0,0,1,0,0,0,,,
,,,3,3,0,1,0,0,0,,,
,,,7,7,0,0,0,0,0,,,
,,,0,0,0,0,0,0,2,,,
,,,0,5,0,0,0,0,2,,,
,,,0,5,5,0,0,0,4,,,
,,,0,0,0,0,0,0,4,,,
,,,,,,,,,,,,
,,,,,,,,,,,,
6,,,,,,,,,,,,
,,,0,0,0,1,0,0,0,,,
,,,3,3,0,1,0,0,0,,,
,,,0,0,0,0,0,0,0,,,
,,,0,0,0,0,0,0,2,,,
,,,0,5,0,0,0,0,2,,,
,,,0,5,5,0,0,0,4,,,
,,,0,0,0,0,0,0,4,,,
,,,,,,,,,,,,
,,,,,,,,,,,,
7,,,,,,,,,,,,
,,,0,0,0,1,0,0,0,,,
,,,0,0,0,1,0,0,0,,,
,,,0,0,0,0,0,0,0,,,
,,,0,0,0,0,0,0,2,,,
,,,0,5,0,0,0,0,2,,,
,,,0,5,5,0,0,0,4,,,
,,,0,0,0,0,0,0,4,,,
,,,,,,,,,,,,
,,,,,,,,,,,,
8,,,,,,,,,,,,
,,,0,0,0,0,0,0,0,,,
,,,0,0,0,0,0,0,0,,,
,,,0,0,0,0,0,0,0,,,
,,,0,0,0,0,0,0,2,,,
,,,0,5,0,0,0,0,2,,,
,,,0,5,5,0,0,0,4,,,
,,,0,0,0,0,0,0,4,,,
,,,,,,,,,,,,
,,,,,,,,,,,,
9,,,,,,,,,,,,
,,,0,0,0,0,0,0,0,,,
,,,0,0,0,0,0,0,0,,,
,,,0,0,0,0,0,0,0,,,
,,,0,0,0,0,0,0,0,,,
,,,0,5,0,0,0,0,0,,,
,,,0,5,5,0,0,0,4,,,
,,,0,0,0,0,0,0,4,,,
,,,,,,,,,,,,
,,,,,,,,,,,,
10,,,,,,,,,,,,
,,,0,3,0,0,0,0,0,,,
,,,0,3,1,1,4,0,0,,,
,,,0,0,0,0,4,0,6,,,
,,,0,0,0,0,0,0,6,,,
,,,0,5,0,0,0,0,0,,,
,,,0,5,5,0,0,0,0,,,
,,,0,0,2,2,0,0,0,,,
,,,,,,,,,,,,
,,,,,,,,,,,,
11,,,,,,,,,,,,
,,,0,3,0,0,0,0,0,,,
,,,0,3,1,1,4,0,0,,,
,,,0,0,0,0,4,0,6,,,
,,,0,0,0,0,0,0,6,,,
,,,0,5,0,0,0,0,0,,,
,,,0,5,5,0,0,0,0,,,
,,,0,0,0,0,0,0,0,,,
,,,,,,,,,,,,
,,,,,,,,,,,,
12,,,,,,,,,,,,
,,,0,3,0,0,0,0,0,,,
,,,0,3,1,1,4,0,0,,,
,,,0,0,0,0,4,0,0,,,
,,,0,0,0,0,0,0,0,,,
,,,0,5,0,0,0,0,0,,,
,,,0,5,5,0,0,0,0,,,
,,,0,0,0,0,0,0,0,,,
,,,,,,,,,,,,
,,,,,,,,,,,,
13,,,,,,,,,,,,
,,,0,3,0,0,0,0,0,,,
,,,0,3,1,1,0,0,0,,,
,,,0,0,0,0,0,0,0,,,
,,,0,0,0,0,0,0,0,,,
,,,0,5,0,0,0,0,0,,,
,,,0,5,5,0,0,0,0,,,
,,,0,0,0,0,0,0,0,,,
,,,,,,,,,,,,
,,,,,,,,,,,,
14,,,,,,,,,,,,
,,,0,3,0,0,0,0,0,,,
,,,0,3,0,0,0,0,0,,,
,,,0,0,0,0,0,0,0,,,
,,,0,0,0,0,0,0,0,,,
,,,0,5,0,0,0,0,0,,,
,,,0,5,5,0,0,0,0,,,
,,,0,0,0,0,0,0,0,,,
,,,,,,,,,,,,
,,,,,,,,,,,,
15,,,,,,,,,,,,
,,,0,0,0,0,0,0,0,,,
,,,0,0,0,0,0,0,0,,,
,,,1,1,0,2,0,0,0,,,
,,,3,3,0,2,0,0,0,,,
,,,0,5,0,0,0,0,0,,,
,,,0,5,5,0,0,0,7,,,
,,,0,0,5,0,0,0,7,,,
,,,,,,,,,,,,
,,,,,,,,,,,,
16,,,,,,,,,,,,
,,,0,0,0,0,0,0,0,,,
,,,0,0,0,0,0,0,0,,,
,,,1,1,0,2,0,0,0,,,
,,,0,0,0,2,0,0,0,,,
,,,0,5,0,0,0,0,0,,,
,,,0,5,5,0,0,0,7,,,
,,,0,0,5,0,0,0,7,,,
,,,,,,,,,,,,
,,,,,,,,,,,,
17,,,,,,,,,,,,
,,,0,0,0,0,0,0,0,,,
,,,0,0,0,0,0,0,0,,,
,,,0,0,0,2,0,0,0,,,
,,,0,0,0,2,0,0,0,,,
,,,0,5,0,0,0,0,0,,,
,,,0,5,5,0,0,0,7,,,
,,,0,0,5,0,0,0,7,,,
,,,,,,,,,,,,
,,,,,,,,,,,,
18,,,,,,,,,,,,
,,,0,0,0,0,0,0,0,,,
,,,0,0,0,0,0,0,0,,,
,,,0,0,0,0,0,0,0,,,
,,,0,0,0,0,0,0,0,,,
,,,0,5,0,0,0,0,0,,,
,,,0,5,5,0,0,0,7,,,
,,,0,0,5,0,0,0,7,,,
,,,,,,,,,,,,
,,,,,,,,,,,,
19,,,,,,,,,,,,
,,,0,0,0,0,0,0,0,,,
,,,0,0,0,0,0,0,0,,,
,,,0,0,0,0,0,0,0,,,
,,,0,0,0,0,0,0,0,,,
,,,0,5,0,0,0,0,0,,,
,,,0,5,5,0,0,0,0,,,
,,,0,0,5,0,0,0,0,,,
,,,,,,,,,,,,
,,,,,,,,,,,,
20,,,,,,,,,,,,
,,,0,0,0,6,0,0,0,,,
,,,0,0,0,6,0,4,0,,,
,,,0,0,3,0,0,4,0,,,
,,,0,0,3,0,0,0,0,,,
,,,0,0,0,0,0,2,2,,,
,,,0,5,5,0,0,0,1,,,
,,,0,0,5,0,0,0,1,,,
,,,,,,,,,,,,
,,,,,,,,,,,,
21,,,,,,,,,,,,
,,,0,0,0,6,0,0,0,,,
,,,0,0,0,6,0,4,0,,,
,,,0,0,3,0,0,4,0,,,
,,,0,0,3,0,0,0,0,,,
,,,0,0,0,0,0,2,2,,,
,,,0,5,5,0,0,0,0,,,
,,,0,0,5,0,0,0,0,,,
,,,,,,,,,,,,
,,,,,,,,,,,,
22,,,,,,,,,,,,
,,,0,0,0,6,0,0,0,,,
,,,0,0,0,6,0,4,0,,,
,,,0,0,3,0,0,4,0,,,
,,,0,0,3,0,0,0,0,,,
,,,0,0,0,0,0,0,0,,,
,,,0,5,5,0,0,0,0,,,
,,,0,0,5,0,0,0,0,,,
,,,,,,,,,,,,
,,,,,,,,,,,,
23,,,,,,,,,,,,
,,,0,0,0,6,0,0,0,,,
,,,0,0,0,6,0,0,0,,,
,,,0,0,3,0,0,0,0,,,
,,,0,0,3,0,0,0,0,,,
,,,0,0,0,0,0,0,0,,,
,,,0,5,5,0,0,0,0,,,
,,,0,0,5,0,0,0,0,,,
,,,,,,,,,,,,
,,,,,,,,,,,,
24,,,,,,,,,,,,
,,,0,0,0,0,0,0,0,,,
,,,0,0,0,0,0,0,0,,,
,,,0,0,3,0,0,0,0,,,
,,,0,0,3,0,0,0,0,,,
,,,0,0,0,0,0,0,0,,,
,,,0,5,5,0,0,0,0,,,
,,,0,0,5,0,0,0,0,,,
,,,,,,,,,,,,
,,,,,,,,,,,,
25,,,,,,,,,,,,
,,,0,0,0,0,0,1,0,,,
,,,0,0,0,0,0,1,0,,,
,,,3,3,0,0,0,0,0,,,
,,,0,0,0,0,0,4,4,,,
,,,0,0,0,0,0,0,0,,,
,,,0,5,5,2,6,7,0,,,
,,,0,0,5,2,6,7,0,,,
,,,,,,,,,,,,
,,,,,,,,,,,,
26,,,,,,,,,,,,
,,,0,0,0,0,0,1,0,,,
,,,0,0,0,0,0,1,0,,,
,,,3,3,0,0,0,0,0,,,
,,,0,0,0,0,0,4,4,,,
,,,0,0,0,0,0,0,0,,,
,,,0,5,5,0,6,7,0,,,
,,,0,0,5,0,6,7,0,,,
,,,,,,,,,,,,
,,,,,,,,,,,,
27,,,,,,,,,,,,
,,,0,0,0,0,0,1,0,,,
,,,0,0,0,0,0,1,0,,,
,,,3,3,0,0,0,0,0,,,
,,,0,0,0,0,0,4,4,,,
,,,0,0,0,0,0,0,0,,,
,,,0,5,5,0,0,7,0,,,
,,,0,0,5,0,0,7,0,,,
,,,,,,,,,,,,
,,,,,,,,,,,,
28,,,,,,,,,,,,
,,,0,0,0,0,0,1,0,,,
,,,0,0,0,0,0,1,0,,,
,,,3,3,0,0,0,0,0,,,
,,,0,0,0,0,0,4,4,,,
,,,0,0,0,0,0,0,0,,,
,,,0,5,5,0,0,0,0,,,
,,,0,0,5,0,0,0,0,,,
,,,,,,,,,,,,
,,,,,,,,,,,,
29,,,,,,,,,,,,
,,,0,0,0,0,0,1,0,,,
,,,0,0,0,0,0,1,0,,,
,,,3,3,0,0,0,0,0,,,
,,,0,0,0,0,0,0,0,,,
,,,0,0,0,0,0,0,0,,,
,,,0,5,5,0,0,0,0,,,
,,,0,0,5,0,0,0,0,,,
,,,,,,,,,,,,
,,,,,,,,,,,,
30,,,,,,,,,,,,
,,,0,6,0,3,3,1,0,,,
,,,0,6,0,0,0,1,0,,,
,,,0,0,0,0,0,0,0,,,
,,,0,0,8,0,0,4,0,,,
,,,0,0,8,2,0,4,0,,,
,,,0,5,5,2,0,0,0,,,
,,,0,0,5,0,0,0,0,,,
,,,,,,,,,,,,
,,,,,,,,,,,,
31,,,,,,,,,,,,
,,,0,6,0,3,3,1,0,,,
,,,0,6,0,0,0,1,0,,,
,,,0,0,0,0,0,0,0,,,
,,,0,0,8,0,0,4,0,,,
,,,0,0,8,0,0,4,0,,,
,,,0,5,5,0,0,0,0,,,
,,,0,0,5,0,0,0,0,,,
,,,,,,,,,,,,
,,,,,,,,,,,,
32,,,,,,,,,,,,
,,,0,6,0,3,3,1,0,,,
,,,0,6,0,0,0,1,0,,,
,,,0,0,0,0,0,0,0,,,
,,,0,0,0,0,0,4,0,,,
,,,0,0,0,0,0,4,0,,,
,,,0,5,5,0,0,0,0,,,
,,,0,0,5,0,0,0,0,,,
,,,,,,,,,,,,
,,,,,,,,,,,,
33,,,,,,,,,,,,
,,,0,6,0,3,3,1,0,,,
,,,0,6,0,0,0,1,0,,,
,,,0,0,0,0,0,0,0,,,
,,,0,0,0,0,0,0,0,,,
,,,0,0,0,0,0,0,0,,,
,,,0,5,5,0,0,0,0,,,
,,,0,0,5,0,0,0,0,,,
,,,,,,,,,,,,
,,,,,,,,,,,,
34,,,,,,,,,,,,
,,,0,6,0,3,3,0,0,,,
,,,0,6,0,0,0,0,0,,,
,,,0,0,0,0,0,0,0,,,
,,,0,0,0,0,0,0,0,,,
,,,0,0,0,0,0,0,0,,,
,,,0,5,5,0,0,0,0,,,
,,,0,0,5,0,0,0,0,,,
,,,,,,,,,,,,
,,,,,,,,,,,,
35,,,,,,,,,,,,
,,,0,6,0,0,0,0,0,,,
,,,4,6,0,0,0,0,0,,,
,,,4,0,1,0,0,0,0,,,
,,,0,3,1,0,2,2,0,,,
,,,0,3,3,0,0,0,0,,,
,,,0,5,5,0,0,0,0,,,
,,,0,0,5,0,0,0,0,,,
,,,,,,,,,,,,
,,,,,,,,,,,,
36,,,,,,,,,,,,
,,,0,6,0,0,0,0,0,,,
,,,4,6,0,0,0,0,0,,,
,,,4,0,0,0,0,0,0,,,
,,,0,3,0,0,2,2,0,,,
,,,0,3,3,0,0,0,0,,,
,,,0,5,5,0,0,0,0,,,
,,,0,0,5,0,0,0,0,,,
,,,,,,,,,,,,
,,,,,,,,,,,,
37,,,,,,,,,,,,
,,,0,6,0,0,0,0,0,,,
,,,0,6,0,0,0,0,0,,,
,,,0,0,0,0,0,0,0,,,
,,,0,3,0,0,2,2,0,,,
,,,0,3,3,0,0,0,0,,,
,,,0,5,5,0,0,0,0,,,
,,,0,0,5,0,0,0,0,,,
,,,,,,,,,,,,
,,,,,,,,,,,,
38,,,,,,,,,,,,
,,,0,0,0,0,0,0,0,,,
,,,0,0,0,0,0,0,0,,,
,,,0,0,0,0,0,0,0,,,
,,,0,3,0,0,2,2,0,,,
,,,0,3,3,0,0,0,0,,,
,,,0,5,5,0,0,0,0,,,
,,,0,0,5,0,0,0,0,,,
,,,,,,,,,,,,
,,,,,,,,,,,,
39,,,,,,,,,,,,
,,,0,0,0,0,0,0,0,,,
,,,0,0,0,0,0,0,0,,,
,,,0,0,0,0,0,0,0,,,
,,,0,0,0,0,2,2,0,,,
,,,0,3,3,0,0,0,0,,,
,,,0,5,5,0,0,0,0,,,
,,,0,0,5,0,0,0,0,,,
,,,,,,,,,,,,
,,,,,,,,,,,,
40,,,,,,,,,,,,
,,,0,0,4,3,7,7,0,,,
,,,0,0,4,3,0,0,0,,,
,,,0,0,0,0,0,0,0,,,
,,,0,0,0,0,2,2,0,,,
,,,0,0,0,0,1,2,0,,,
,,,0,5,5,0,1,0,0,,,
,,,0,0,5,0,0,0,0,,,
,,,,,,,,,,,,
,,,,,,,,,,,,
41,,,,,,,,,,,,
,,,0,0,4,3,7,7,0,,,
,,,0,0,4,3,0,0,0,,,
,,,0,0,0,0,0,0,0,,,
,,,0,0,0,0,2,2,0,,,
,,,0,0,0,0,0,2,0,,,
,,,0,5,5,0,0,0,0,,,
,,,0,0,5,0,0,0,0,,,
,,,,,,,,,,,,
,,,,,,,,,,,,
42,,,,,,,,,,,,
,,,0,0,4,3,7,7,0,,,
,,,0,0,4,3,0,0,0,,,
,,,0,0,0,0,0,0,0,,,
,,,0,0,0,0,2,2,0,,,
,,,0,0,0,0,0,0,0,,,
,,,0,5,5,0,0,0,0,,,
,,,0,0,5,0,0,0,0,,,
,,,,,,,,,,,,
,,,,,,,,,,,,
43,,,,,,,,,,,,
,,,0,0,4,3,7,7,0,,,
,,,0,0,4,3,0,0,0,,,
,,,0,0,0,0,0,0,0,,,
,,,0,0,0,0,0,0,0,,,
,,,0,0,0,0,0,0,0,,,
,,,0,5,5,0,0,0,0,,,
,,,0,0,5,0,0,0,0,,,
,,,,,,,,,,,,
,,,,,,,,,,,,
44,,,,,,,,,,,,
,,,0,0,4,0,7,7,0,,,
,,,0,0,4,0,0,0,0,,,
,,,0,0,0,0,0,0,0,,,
,,,0,0,0,0,0,0,0,,,
,,,0,0,0,0,0,0,0,,,
,,,0,5,5,0,0,0,0,,,
,,,0,0,5,0,0,0,0,,,
,,,,,,,,,,,,
,,,,,,,,,,,,
45,,,,,,,,,,,,
,,,0,0,0,0,7,7,0,,,
,,,0,0,0,6,0,0,0,,,
,,,0,0,0,6,0,0,0,,,
,,,0,0,2,0,0,0,0,,,
,,,0,0,2,0,0,0,0,,,
,,,0,5,5,3,3,3,1,,,
,,,0,0,5,0,0,0,1,,,
,,,,,,,,,,,,
,,,,,,,,,,,,
46,,,,,,,,,,,,
,,,0,0,0,0,7,7,0,,,
,,,0,0,0,0,0,0,0,,,
,,,0,0,0,0,0,0,0,,,
,,,0,0,2,0,0,0,0,,,
,,,0,0,2,0,0,0,0,,,
,,,0,5,5,3,3,3,1,,,
,,,0,0,5,0,0,0,1,,,
,,,,,,,,,,,,
,,,,,,,,,,,,
47,,,,,,,,,,,,
,,,0,0,0,0,7,7,0,,,
,,,0,0,0,0,0,0,0,,,
,,,0,0,0,0,0,0,0,,,
,,,0,0,0,0,0,0,0,,,
,,,0,0,0,0,0,0,0,,,
,,,0,5,5,3,3,3,1,,,
,,,0,0,5,0,0,0,1,,,
,,,,,,,,,,,,
,,,,,,,,,,,,
48,,,,,,,,,,,,
,,,0,0,0,0,7,7,0,,,
,,,0,0,0,0,0,0,0,,,
,,,0,0,0,0,0,0,0,,,
,,,0,0,0,0,0,0,0,,,
,,,0,0,0,0,0,0,0,,,
,,,0,5,5,3,3,3,0,,,
,,,0,0,5,0,0,0,0,,,
,,,,,,,,,,,,
,,,,,,,,,,,,
49,,,,,,,,,,,,
,,,0,0,0,0,7,7,0,,,
,,,0,0,0,0,0,0,0,,,
,,,0,0,0,0,0,0,0,,,
,,,0,0,0,0,0,0,0,,,
,,,0,0,0,0,0,0,0,,,
,,,0,5,5,0,3,3,0,,,
,,,0,0,5,0,0,0,0,,,
,,,,,,,,,,,,
,,,,,,,,,,,,
50,,,,,,,,,,,,
,,,0,0,0,0,7,7,0,,,
,,,0,6,6,0,0,0,0,,,
,,,0,0,0,0,4,0,3,,,
,,,2,2,0,0,4,0,3,,,
,,,0,0,0,0,0,0,0,,,
,,,0,5,5,0,0,0,1,,,
,,,0,0,5,0,0,0,1,,,
,,,,,,,,,,,,
,,,,,,,,,,,,
51,,,,,,,,,,,,
,,,0,0,0,0,7,7,0,,,
,,,0,6,6,0,0,0,0,,,
,,,0,0,0,0,0,0,3,,,
,,,2,2,0,0,0,0,3,,,
,,,0,0,0,0,0,0,0,,,
,,,0,5,5,0,0,0,1,,,
,,,0,0,5,0,0,0,1,,,
,,,,,,,,,,,,
,,,,,,,,,,,,
52,,,,,,,,,,,,
,,,0,0,0,0,7,7,0,,,
,,,0,0,0,0,0,0,0,,,
,,,0,0,0,0,0,0,3,,,
,,,2,2,0,0,0,0,3,,,
,,,0,0,0,0,0,0,0,,,
,,,0,5,5,0,0,0,1,,,
,,,0,0,5,0,0,0,1,,,
,,,,,,,,,,,,
,,,,,,,,,,,,
53,,,,,,,,,,,,
,,,0,0,0,0,7,7,0,,,
,,,0,0,0,0,0,0,0,,,
,,,0,0,0,0,0,0,3,,,
,,,0,0,0,0,0,0,3,,,
,,,0,0,0,0,0,0,0,,,
,,,0,5,5,0,0,0,1,,,
,,,0,0,5,0,0,0,1,,,
,,,,,,,,,,,,
,,,,,,,,,,,,
54,,,,,,,,,,,,
,,,0,0,0,0,7,7,0,,,
,,,0,0,0,0,0,0,0,,,
,,,0,0,0,0,0,0,0,,,
,,,0,0,0,0,0,0,0,,,
,,,0,0,0,0,0,0,0,,,
,,,0,5,5,0,0,0,1,,,
,,,0,0,5,0,0,0,1,,,
,,,,,,,,,,,,
,,,,,,,,,,,,
55,,,,,,,,,,,,
,,,0,4,0,0,7,7,0,,,
,,,0,4,0,0,0,0,0,,,
,,,0,0,0,0,0,3,3,,,
,,,2,2,0,0,0,1,0,,,
,,,8,8,0,0,0,1,0,,,
,,,0,5,5,0,0,0,0,,,
,,,0,0,5,6,6,0,0,,,
,,,,,,,,,,,,
,,,,,,,,,,,,
56,,,,,,,,,,,,
,,,0,4,0,0,7,7,0,,,
,,,0,4,0,0,0,0,0,,,
,,,0,0,0,0,0,3,3,,,
,,,2,2,0,0,0,1,0,,,
,,,0,0,0,0,0,1,0,,,
,,,0,5,5,0,0,0,0,,,
,,,0,0,5,6,6,0,0,,,
,,,,,,,,,,,,
,,,,,,,,,,,,
57,,,,,,,,,,,,
,,,0,4,0,0,7,7,0,,,
,,,0,4,0,0,0,0,0,,,
,,,0,0,0,0,0,3,3,,,
,,,0,0,0,0,0,1,0,,,
,,,0,0,0,0,0,1,0,,,
,,,0,5,5,0,0,0,0,,,
,,,0,0,5,6,6,0,0,,,
,,,,,,,,,,,,
,,,,,,,,,,,,
58,,,,,,,,,,,,
,,,0,0,0,0,7,7,0,,,
,,,0,0,0,0,0,0,0,,,
,,,0,0,0,0,0,3,3,,,
,,,0,0,0,0,0,1,0,,,
,,,0,0,0,0,0,1,0,,,
,,,0,5,5,0,0,0,0,,,
,,,0,0,5,6,6,0,0,,,
,,,,,,,,,,,,
,,,,,,,,,,,,
59,,,,,,,,,,,,
,,,0,0,0,0,7,7,0,,,
,,,0,0,0,0,0,0,0,,,
,,,0,0,0,0,0,3,3,,,
,,,0,0,0,0,0,0,0,,,
,,,0,0,0,0,0,0,0,,,
,,,0,5,5,0,0,0,0,,,
,,,0,0,5,6,6,0,0,,,
,,,,,,,,,,,,
,,,,,,,,,,,,
60,,,,,,,,,,,,
,,,0,0,3,3,7,7,0,,,
,,,0,0,0,0,0,7,2,,,
,,,0,0,0,0,0,0,2,,,
,,,0,0,0,0,0,0,0,,,
,,,0,0,0,0,0,1,1,,,
,,,0,5,5,0,0,0,0,,,
,,,0,0,5,6,6,9,9,,,
,,,,,,,,,,,,
,,,,,,,,,,,,
61,,,,,,,,,,,,
,,,0,0,3,3,7,7,0,,,
,,,0,0,0,0,0,7,2,,,
,,,0,0,0,0,0,0,2,,,
,,,0,0,0,0,0,0,0,,,
,,,0,0,0,0,0,1,1,,,
,,,0,5,5,0,0,0,0,,,
,,,0,0,5,6,6,0,0,,,
,,,,,,,,,,,,
,,,,,,,,,,,,
62,,,,,,,,,,,,
,,,0,0,3,3,7,7,0,,,
,,,0,0,0,0,0,7,2,,,
,,,0,0,0,0,0,0,2,,,
,,,0,0,0,0,0,0,0,,,
,,,0,0,0,0,0,0,0,,,
,,,0,5,5,0,0,0,0,,,
,,,0,0,5,6,6,0,0,,,
,,,,,,,,,,,,
,,,,,,,,,,,,
63,,,,,,,,,,,,
,,,0,0,3,3,7,7,0,,,
,,,0,0,0,0,0,7,0,,,
,,,0,0,0,0,0,0,0,,,
,,,0,0,0,0,0,0,0,,,
,,,0,0,0,0,0,0,0,,,
,,,0,5,5,0,0,0,0,,,
,,,0,0,5,6,6,0,0,,,
,,,,,,,,,,,,
,,,,,,,,,,,,
64,,,,,,,,,,,,
,,,0,0,3,3,7,7,0,,,
,,,0,0,0,0,0,7,0,,,
,,,0,0,0,0,0,0,0,,,
,,,0,0,0,0,0,0,0,,,
,,,0,0,0,0,0,0,0,,,
,,,0,5,5,0,0,0,0,,,
,,,0,0,5,0,0,0,0,,,
,,,,,,,,,,,,
,,,,,,,,,,,,
65,,,,,,,,,,,,
,,,0,0,0,0,7,7,1,,,
,,,4,4,0,0,0,7,1,,,
,,,0,0,0,0,0,0,0,,,
,,,0,3,3,3,0,0,0,,,
,,,0,0,0,0,0,0,0,,,
,,,0,5,5,0,2,2,0,,,
,,,0,0,5,0,0,2,0,,,
,,,,,,,,,,,,
,,,,,,,,,,,,
66,,,,,,,,,,,,
,,,0,0,0,0,7,7,1,,,
,,,4,4,0,0,0,0,1,,,
,,,0,0,0,0,0,0,0,,,
,,,0,3,3,3,0,0,0,,,
,,,0,0,0,0,0,0,0,,,
,,,0,5,5,0,2,2,0,,,
,,,0,0,5,0,0,2,0,,,
,,,,,,,,,,,,
,,,,,,,,,,,,
67,,,,,,,,,,,,
,,,0,0,0,0,0,0,1,,,
,,,4,4,0,0,0,0,1,,,
,,,0,0,0,0,0,0,0,,,
,,,0,3,3,3,0,0,0,,,
,,,0,0,0,0,0,0,0,,,
,,,0,5,5,0,2,2,0,,,
,,,0,0,5,0,0,2,0,,,
,,,,,,,,,,,,
,,,,,,,,,,,,
68,,,,,,,,,,,,
,,,0,0,0,0,0,0,0,,,
,,,4,4,0,0,0,0,0,,,
,,,0,0,0,0,0,0,0,,,
,,,0,3,3,3,0,0,0,,,
,,,0,0,0,0,0,0,0,,,
,,,0,5,5,0,2,2,0,,,
,,,0,0,5,0,0,2,0,,,
,,,,,,,,,,,,
,,,,,,,,,,,,
69,,,,,,,,,,,,
,,,0,0,0,0,0,0,0,,,
,,,4,4,0,0,0,0,0,,,
,,,0,0,0,0,0,0,0,,,
,,,0,3,3,0,0,0,0,,,
,,,0,0,0,0,0,0,0,,,
,,,0,5,5,0,2,2,0,,,
,,,0,0,5,0,0,2,0,,,
,,,,,,,,,,,,
,,,,,,,,,,,,
70,,,,,,,,,,,,
,,,4,0,3,0,0,0,0,,,
,,,4,4,3,0,0,1,0,,,
,,,0,0,0,0,0,1,1,,,
,,,0,0,0,0,0,0,0,,,
,,,0,0,0,0,0,0,0,,,
,,,5,5,5,0,2,2,0,,,
,,,0,0,5,0,0,2,2,,,
,,,,,,,,,,,,
,,,,,,,,,,,,
71,,,,,,,,,,,,
,,,4,0,3,0,0,0,0,,,
,,,4,4,3,0,0,0,0,,,
,,,0,0,0,0,0,1,1,,,
,,,0,0,0,0,0,0,0,,,
,,,0,0,0,0,0,0,0,,,
,,,5,5,5,0,2,2,0,,,
,,,0,0,5,0,0,2,2,,,
,,,,,,,,,,,,
,,,,,,,,,,,,
72,,,,,,,,,,,,
,,,4,0,3,0,0,0,0,,,
,,,4,4,3,0,0,0,0,,,
,,,0,0,0,0,0,0,0,,,
,,,0,0,0,0,0,0,0,,,
,,,0,0,0,0,0,0,0,,,
,,,5,5,5,0,2,2,0,,,
,,,0,0,5,0,0,2,2,,,
,,,,,,,,,,,,
,,,,,,,,,,,,
73,,,,,,,,,,,,
,,,4,0,0,0,0,0,0,,,
,,,4,4,0,0,0,0,0,,,
,,,0,0,0,0,0,0,0,,,
,,,0,0,0,0,0,0,0,,,
,,,0,0,0,0,0,0,0,,,
,,,5,5,5,0,2,2,0,,,
,,,0,0,5,0,0,2,2,,,
,,,,,,,,,,,,
,,,,,,,,,,,,
74,,,,,,,,,,,,
,,,4,0,0,0,0,0,0,,,
,,,4,0,0,0,0,0,0,,,
,,,0,0,0,0,0,0,0,,,
,,,0,0,0,0,0,0,0,,,
,,,0,0,0,0,0,0,0,,,
,,,5,5,5,0,2,2,0,,,
,,,0,0,5,0,0,2,2,,,
,,,,,,,,,,,,
,,,,,,,,,,,,
75,,,,,,,,,,,,
,,,4,4,0,0,0,0,0,,,
,,,0,0,0,0,6,3,3,,,
,,,0,0,0,0,6,0,0,,,
,,,0,0,0,0,0,1,0,,,
,,,0,0,0,0,0,1,0,,,
,,,5,5,5,0,2,2,0,,,
,,,0,5,5,0,0,2,2,,,
,,,,,,,,,,,,
,,,,,,,,,,,,
76,,,,,,,,,,,,
,,,4,4,0,0,0,0,0,,,
,,,0,0,0,0,6,3,3,,,
,,,0,0,0,0,6,0,0,,,
,,,0,0,0,0,0,0,0,,,
,,,0,0,0,0,0,0,0,,,
,,,5,5,5,0,2,2,0,,,
,,,0,5,5,0,0,2,2,,,
,,,,,,,,,,,,
,,,,,,,,,,,,
77,,,,,,,,,,,,
,,,4,4,0,0,0,0,0,,,
,,,0,0,0,0,0,3,3,,,
,,,0,0,0,0,0,0,0,,,
,,,0,0,0,0,0,0,0,,,
,,,0,0,0,0,0,0,0,,,
,,,5,5,5,0,2,2,0,,,
,,,0,5,5,0,0,2,2,,,
,,,,,,,,,,,,
,,,,,,,,,,,,
78,,,,,,,,,,,,
,,,4,4,0,0,0,0,0,,,
,,,0,0,0,0,0,0,0,,,
,,,0,0,0,0,0,0,0,,,
,,,0,0,0,0,0,0,0,,,
,,,0,0,0,0,0,0,0,,,
,,,5,5,5,0,2,2,0,,,
,,,0,5,5,0,0,2,2,,,
,,,,,,,,,,,,
,,,,,,,,,,,,
79,,,,,,,,,,,,
,,,0,0,0,0,0,0,0,,,
,,,0,0,0,0,0,0,0,,,
,,,0,0,0,0,0,0,0,,,
,,,0,0,0,0,0,0,0,,,
,,,0,0,0,0,0,0,0,,,
,,,5,5,5,0,2,2,0,,,
,,,0,5,5,0,0,2,2,,,
,,,,,,,,,,,,
,,,,,,,,,,,,
80,,,,,,,,,,,,
,,,0,0,0,0,0,0,0,,,
,,,0,3,3,0,0,0,0,,,
,,,0,0,0,0,0,0,0,,,
,,,1,0,0,0,0,0,0,,,
,,,1,0,0,0,4,2,0,,,
,,,5,5,5,0,4,2,0,,,
,,,0,5,5,0,2,2,2,,,
,,,,,,,,,,,,
,,,,,,,,,,,,
81,,,,,,,,,,,,
,,,0,0,0,0,0,0,0,,,
,,,0,3,3,0,0,0,0,,,
,,,0,0,0,0,0,0,0,,,
,,,1,0,0,0,0,0,0,,,
,,,1,0,0,0,0,2,0,,,
,,,5,5,5,0,0,2,0,,,
,,,0,5,5,0,2,2,2,,,
,,,,,,,,,,,,
,,,,,,,,,,,,
82,,,,,,,,,,,,
,,,0,0,0,0,0,0,0,,,
,,,0,3,3,0,0,0,0,,,
,,,0,0,0,0,0,0,0,,,
,,,0,0,0,0,0,0,0,,,
,,,0,0,0,0,0,2,0,,,
,,,5,5,5,0,0,2,0,,,
,,,0,5,5,0,2,2,2,,,
,,,,,,,,,,,,
,,,,,,,,,,,,
83,,,,,,,,,,,,
,,,0,0,0,0,0,0,0,,,
,,,0,0,0,0,0,0,0,,,
,,,0,0,0,0,0,0,0,,,
,,,0,0,0,0,0,0,0,,,
,,,0,0,0,0,0,2,0,,,
,,,5,5,5,0,0,2,0,,,
,,,0,5,5,0,2,2,2,,,
,,,,,,,,,,,,
,,,,,,,,,,,,
84,,,,,,,,,,,,
,,,0,0,0,0,0,0,0,,,
,,,0,0,0,0,0,0,0,,,
,,,0,0,0,0,0,0,0,,,
,,,0,0,0,0,0,0,0,,,
,,,0,0,0,0,0,2,0,,,
,,,5,5,5,0,0,2,0,,,
,,,0,5,5,0,0,2,2,,,
,,,,,,,,,,,,
,,,,,,,,,,,,
85,,,,,,,,,,,,
,,,1,0,0,6,0,0,0,,,
,,,1,0,0,6,0,0,0,,,
,,,0,0,0,0,0,0,0,,,
,,,0,0,0,0,0,0,0,,,
,,,0,0,0,0,0,0,4,,,
,,,5,5,5,3,3,2,4,,,
,,,0,5,5,5,0,2,2,,,
,,,,,,,,,,,,
,,,,,,,,,,,,
86,,,,,,,,,,,,
,,,1,0,0,6,0,0,0,,,
,,,1,0,0,6,0,0,0,,,
,,,0,0,0,0,0,0,0,,,
,,,0,0,0,0,0,0,0,,,
,,,0,0,0,0,0,0,4,,,
,,,5,5,5,0,0,2,4,,,
,,,0,5,5,5,0,2,2,,,
,,,,,,,,,,,,
,,,,,,,,,,,,
87,,,,,,,,,,,,
,,,1,0,0,6,0,0,0,,,
,,,1,0,0,6,0,0,0,,,
,,,0,0,0,0,0,0,0,,,
,,,0,0,0,0,0,0,0,,,
,,,0,0,0,0,0,0,0,,,
,,,5,5,5,0,0,2,0,,,
,,,0,5,5,5,0,2,2,,,
,,,,,,,,,,,,
,,,,,,,,,,,,
88,,,,,,,,,,,,
,,,1,0,0,6,0,0,0,,,
,,,1,0,0,6,0,0,0,,,
,,,0,0,0,0,0,0,0,,,
,,,0,0,0,0,0,0,0,,,
,,,0,0,0,0,0,0,0,,,
,,,5,5,5,0,0,0,0,,,
,,,0,5,5,5,0,2,2,,,
,,,,,,,,,,,,
,,,,,,,,,,,,
89,,,,,,,,,,,,
,,,1,0,0,6,0,0,0,,,
,,,1,0,0,6,0,0,0,,,
,,,0,0,0,0,0,0,0,,,
,,,0,0,0,0,0,0,0,,,
,,,0,0,0,0,0,0,0,,,
,,,5,5,5,0,0,0,0,,,
,,,0,5,5,5,0,0,0,,,
,,,,,,,,,,,,
,,,,,,,,,,,,
90,,,,,,,,,,,,
,,,1,0,0,6,4,0,0,,,
,,,1,0,0,6,4,0,0,,,
,,,0,0,0,0,2,2,0,,,
,,,0,0,3,0,0,0,0,,,
,,,0,5,3,0,0,8,0,,,
,,,5,5,5,7,0,8,0,,,
,,,0,5,5,7,0,0,0,,,
,,,,,,,,,,,,
,,,,,,,,,,,,
91,,,,,,,,,,,,
,,,1,0,0,6,4,0,0,,,
,,,1,0,0,6,4,0,0,,,
,,,0,0,0,0,2,2,0,,,
,,,0,0,0,0,0,0,0,,,
,,,0,5,0,0,0,8,0,,,
,,,5,5,5,7,0,8,0,,,
,,,0,5,5,7,0,0,0,,,
,,,,,,,,,,,,
,,,,,,,,,,,,
92,,,,,,,,,,,,
,,,1,0,0,6,4,0,0,,,
,,,1,0,0,6,4,0,0,,,
,,,0,0,0,0,2,2,0,,,
,,,0,0,0,0,0,0,0,,,
,,,0,5,0,0,0,8,0,,,
,,,5,5,5,0,0,8,0,,,
,,,0,5,5,0,0,0,0,,,
,,,,,,,,,,,,
,,,,,,,,,,,,
93,,,,,,,,,,,,
,,,1,0,0,6,4,0,0,,,
,,,1,0,0,6,4,0,0,,,
,,,0,0,0,0,0,0,0,,,
,,,0,0,0,0,0,0,0,,,
,,,0,5,0,0,0,8,0,,,
,,,5,5,5,0,0,8,0,,,
,,,0,5,5,0,0,0,0,,,
,,,,,,,,,,,,
,,,,,,,,,,,,
94,,,,,,,,,,,,
,,,1,0,0,6,4,0,0,,,
,,,1,0,0,6,4,0,0,,,
,,,0,0,0,0,0,0,0,,,
,,,0,0,0,0,0,0,0,,,
,,,0,0,0,0,0,8,0,,,
,,,5,5,5,0,0,8,0,,,
,,,0,5,5,0,0,0,0,,,
,,,,,,,,,,,,
,,,,,,,,,,,,
95,,,,,,,,,,,,
,,,1,0,0,6,4,2,2,,,
,,,1,0,0,6,4,0,0,,,
,,,0,0,0,3,0,0,0,,,
,,,0,9,9,3,0,0,0,,,
,,,0,5,0,0,0,8,0,,,
,,,5,5,5,0,0,8,7,,,
,,,0,5,5,0,0,0,7,,,
,,,,,,,,,,,,
,,,,,,,,,,,,
96,,,,,,,,,,,,
,,,1,0,0,6,4,2,2,,,
,,,1,0,0,6,4,0,0,,,
,,,0,0,0,0,0,0,0,,,
,,,0,9,9,0,0,0,0,,,
,,,0,5,0,0,0,8,0,,,
,,,5,5,5,0,0,8,7,,,
,,,0,5,5,0,0,0,7,,,
,,,,,,,,,,,,
,,,,,,,,,,,,
97,,,,,,,,,,,,
,,,1,0,0,6,4,2,2,,,
,,,1,0,0,6,4,0,0,,,
,,,0,0,0,0,0,0,0,,,
,,,0,0,0,0,0,0,0,,,
,,,0,5,0,0,0,8,0,,,
,,,5,5,5,0,0,8,7,,,
,,,0,5,5,0,0,0,7,,,
,,,,,,,,,,,,
,,,,,,,,,,,,
98,,,,,,,,,,,,
,,,1,0,0,6,0,2,2,,,
,,,1,0,0,6,0,0,0,,,
,,,0,0,0,0,0,0,0,,,
,,,0,0,0,0,0,0,0,,,
,,,0,5,0,0,0,8,0,,,
,,,5,5,5,0,0,8,7,,,
,,,0,5,5,0,0,0,7,,,
,,,,,,,,,,,,
,,,,,,,,,,,,
99,,,,,,,,,,,,
,,,1,0,0,6,0,2,2,,,
,,,1,0,0,6,0,0,0,,,
,,,0,0,0,0,0,0,0,,,
,,,0,0,0,0,0,0,0,,,
,,,0,5,0,0,0,8,0,,,
,,,5,5,0,0,0,8,7,,,
,,,0,5,5,0,0,0,7,,,
,,,,,,,,,,,,
,,,,,,,,,,,,
100,,,,,,,,,,,,
,,,1,0,0,6,0,2,2,,,
,,,1,0,3,6,9,4,4,,,
,,,0,0,3,0,9,0,0,,,
,,,10,10,0,0,0,0,0,,,
,,,0,5,0,0,8,8,0,,,
,,,5,5,0,0,0,8,7,,,
,,,0,5,0,0,0,0,7,,,
,,,,,,,,,,,,
,,,,,,,,,,,,
101,,,,,,,,,,,,
,,,1,0,0,0,0,2,2,,,
,,,1,0,3,0,9,4,4,,,
,,,0,0,3,0,9,0,0,,,
,,,10,10,0,0,0,0,0,,,
,,,0,5,0,0,8,8,0,,,
,,,5,5,0,0,0,8,7,,,
,,,0,5,0,0,0,0,7,,,
,,,,,,,,,,,,
,,,,,,,,,,,,
102,,,,,,,,,,,,
,,,1,0,0,0,0,2,2,,,
,,,1,0,3,0,9,0,0,,,
,,,0,0,3,0,9,0,0,,,
,,,10,10,0,0,0,0,0,,,
,,,0,5,0,0,8,8,0,,,
,,,5,5,0,0,0,8,7,,,
,,,0,5,0,0,0,0,7,,,
,,,,,,,,,,,,
,,,,,,,,,,,,
103,,,,,,,,,,,,
,,,1,0,0,0,0,2,2,,,
,,,1,0,3,0,9,0,0,,,
,,,0,0,3,0,9,0,0,,,
,,,0,0,0,0,0,0,0,,,
,,,0,5,0,0,8,8,0,,,
,,,5,5,0,0,0,8,7,,,
,,,0,5,0,0,0,0,7,,,
,,,,,,,,,,,,
,,,,,,,,,,,,
104,,,,,,,,,,,,
,,,1,0,0,0,0,2,2,,,
,,,1,0,3,0,9,0,0,,,
,,,0,0,3,0,9,0,0,,,
,,,0,0,0,0,0,0,0,,,
,,,0,0,0,0,8,8,0,,,
,,,5,5,0,0,0,8,7,,,
,,,0,5,0,0,0,0,7,,,
,,,,,,,,,,,,
,,,,,,,,,,,,
105,,,,,,,,,,,,
,,,1,1,0,0,0,2,2,,,
,,,1,1,3,0,9,0,0,,,
,,,0,6,3,0,9,0,0,,,
,,,0,6,4,0,8,0,0,,,
,,,0,0,4,0,8,8,0,,,
,,,5,5,0,0,0,8,7,,,
,,,0,0,0,0,0,0,7,,,
,,,,,,,,,,,,
,,,,,,,,,,,,
106,,,,,,,,,,,,
,,,1,1,0,0,0,2,2,,,
,,,1,1,3,0,9,0,0,,,
,,,0,0,3,0,9,0,0,,,
,,,0,0,4,0,8,0,0,,,
,,,0,0,4,0,8,8,0,,,
,,,5,5,0,0,0,8,7,,,
,,,0,0,0,0,0,0,7,,,
,,,,,,,,,,,,
,,,,,,,,,,,,
107,,,,,,,,,,,,
,,,1,1,0,0,0,2,2,,,
,,,1,1,0,0,9,0,0,,,
,,,0,0,0,0,9,0,0,,,
,,,0,0,4,0,8,0,0,,,
,,,0,0,4,0,8,8,0,,,
,,,5,5,0,0,0,8,7,,,
,,,0,0,0,0,0,0,7,,,
,,,,,,,,,,,,
,,,,,,,,,,,,
108,,,,,,,,,,,,
,,,1,1,0,0,0,2,2,,,
,,,1,1,0,0,0,0,0,,,
,,,0,0,0,0,0,0,0,,,
,,,0,0,4,0,8,0,0,,,
,,,0,0,4,0,8,8,0,,,
,,,5,5,0,0,0,8,7,,,
,,,0,0,0,0,0,0,7,,,
,,,,,,,,,,,,
,,,,,,,,,,,,
109,,,,,,,,,,,,
,,,1,1,0,0,0,2,2,,,
,,,1,1,0,0,0,0,0,,,
,,,0,0,0,0,0,0,0,,,
,,,0,0,4,0,8,0,0,,,
,,,0,0,4,0,8,8,0,,,
,,,0,0,0,0,0,8,7,,,
,,,0,0,0,0,0,0,7,,,
,,,,,,,,,,,,
,,,,,,,,,,,,
110,,,,,,,,,,,,
,,,1,1,0,0,0,2,2,,,
,,,1,1,0,0,0,0,3,,,
,,,0,0,0,0,0,0,3,,,
,,,0,4,4,0,8,0,0,,,
,,,6,0,4,0,8,8,0,,,
,,,6,10,0,5,0,8,0,,,
,,,0,10,0,5,0,0,0,,,
,,,,,,,,,,,,
,,,,,,,,,,,,
111,,,,,,,,,,,,
,,,1,1,0,0,0,2,2,,,
,,,1,1,0,0,0,0,3,,,
,,,0,0,0,0,0,0,3,,,
,,,0,4,4,0,8,0,0,,,
,,,6,0,4,0,8,8,0,,,
,,,6,10,0,0,0,8,0,,,
,,,0,10,0,0,0,0,0,,,
,,,,,,,,,,,,
,,,,,,,,,,,,
112,,,,,,,,,,,,
,,,1,1,0,0,0,2,2,,,
,,,1,1,0,0,0,0,3,,,
,,,0,0,0,0,0,0,3,,,
,,,0,4,4,0,8,0,0,,,
,,,6,0,4,0,8,8,0,,,
,,,6,0,0,0,0,8,0,,,
,,,0,0,0,0,0,0,0,,,
,,,,,,,,,,,,
,,,,,,,,,,,,
113,,,,,,,,,,,,
,,,1,1,0,0,0,2,2,,,
,,,1,1,0,0,0,0,3,,,
,,,0,0,0,0,0,0,3,,,
,,,0,4,4,0,8,0,0,,,
,,,0,0,4,0,8,8,0,,,
,,,0,0,0,0,0,8,0,,,
,,,0,0,0,0,0,0,0,,,
,,,,,,,,,,,,
,,,,,,,,,,,,
114,,,,,,,,,,,,
,,,1,1,0,0,0,2,2,,,
,,,1,1,0,0,0,0,0,,,
,,,0,0,0,0,0,0,0,,,
,,,0,4,4,0,8,0,0,,,
,,,0,0,4,0,8,8,0,,,
,,,0,0,0,0,0,8,0,,,
,,,0,0,0,0,0,0,0,,,
,,,,,,,,,,,,
,,,,,,,,,,,,
115,,,,,,,,,,,,
,,,1,1,0,0,0,0,0,,,
,,,1,1,0,0,2,0,0,,,
,,,1,0,0,0,2,0,0,,,
,,,4,4,4,0,8,0,0,,,
,,,0,4,4,0,8,8,0,,,
,,,0,4,0,0,3,8,0,,,
,,,0,0,0,0,3,0,0,,,
,,,,,,,,,,,,
,,,,,,,,,,,,
116,,,,,,,,,,,,
,,,1,1,0,0,0,0,0,,,
,,,1,1,0,0,0,0,0,,,
,,,1,0,0,0,0,0,0,,,
,,,4,4,4,0,8,0,0,,,
,,,0,4,4,0,8,8,0,,,
,,,0,4,0,0,3,8,0,,,
,,,0,0,0,0,3,0,0,,,
,,,,,,,,,,,,
,,,,,,,,,,,,
117,,,,,,,,,,,,
,,,1,1,0,0,0,0,0,,,
,,,1,1,0,0,0,0,0,,,
,,,1,0,0,0,0,0,0,,,
,,,4,4,4,0,8,0,0,,,
,,,0,4,4,0,8,8,0,,,
,,,0,4,0,0,0,8,0,,,
,,,0,0,0,0,0,0,0,,,
,,,,,,,,,,,,
,,,,,,,,,,,,
118,,,,,,,,,,,,
,,,1,1,0,0,0,0,0,,,
,,,1,1,0,0,0,0,0,,,
,,,1,0,0,0,0,0,0,,,
,,,4,4,4,0,0,0,0,,,
,,,0,4,4,0,8,8,0,,,
,,,0,4,0,0,0,8,0,,,
,,,0,0,0,0,0,0,0,,,
,,,,,,,,,,,,
,,,,,,,,,,,,
119,,,,,,,,,,,,
,,,1,1,0,0,0,0,0,,,
,,,1,1,0,0,0,0,0,,,
,,,1,0,0,0,0,0,0,,,
,,,4,4,4,0,0,0,0,,,
,,,0,4,4,0,0,8,0,,,
,,,0,4,0,0,0,8,0,,,
,,,0,0,0,0,0,0,0,,,
,,,,,,,,,,,,
,,,,,,,,,,,,
120,,,,,,,,,,,,
,,,1,1,1,0,0,0,0,,,
,,,1,1,0,0,0,0,0,,,
,,,1,0,0,3,0,0,0,,,
,,,4,4,4,3,0,0,0,,,
,,,0,4,4,0,2,2,0,,,
,,,4,4,0,0,0,0,0,,,
,,,0,4,0,0,0,0,0,,,
,,,,,,,,,,,,
,,,,,,,,,,,,
121,,,,,,,,,,,,
,,,1,1,1,0,0,0,0,,,
,,,1,1,0,0,0,0,0,,,
,,,1,0,0,0,0,0,0,,,
,,,4,4,4,0,0,0,0,,,
,,,0,4,4,0,2,2,0,,,
,,,4,4,0,0,0,0,0,,,
,,,0,4,0,0,0,0,0,,,
,,,,,,,,,,,,
,,,,,,,,,,,,
122,,,,,,,,,,,,
,,,1,1,1,0,0,0,0,,,
,,,1,1,0,0,0,0,0,,,
,,,1,0,0,0,0,0,0,,,
,,,4,4,4,0,0,0,0,,,
,,,0,4,4,0,0,0,0,,,
,,,4,4,0,0,0,0,0,,,
,,,0,4,0,0,0,0,0,,,
,,,,,,,,,,,,
,,,,,,,,,,,,
123,,,,,,,,,,,,
,,,1,1,1,0,0,0,0,,,
,,,1,1,0,0,0,0,0,,,
,,,1,0,0,0,0,0,0,,,
,,,4,4,4,0,0,0,0,,,
,,,0,4,4,0,0,0,0,,,
,,,4,4,0,0,0,0,0,,,
,,,0,0,0,0,0,0,0,,,
,,,,,,,,,,,,
,,,,,,,,,,,,
124,,,,,,,,,,,,
,,,1,1,1,0,0,0,0,,,
,,,1,1,0,0,0,0,0,,,
,,,1,0,0,0,0,0,0,,,
,,,4,4,4,0,0,0,0,,,
,,,0,4,4,0,0,0,0,,,
,,,0,4,0,0,0,0,0,,,
,,,0,0,0,0,0,0,0,,,
,,,,,,,,,,,,
,,,,,,,,,,,,
125,,,,,,,,,,,,
,,,1,1,1,0,0,0,0,,,
,,,1,1,0,0,0,5,5,,,
,,,0,0,0,0,0,5,0,,,
,,,4,4,4,3,0,5,5,,,
,,,4,4,4,3,0,0,0,,,
,,,0,4,0,0,0,0,0,,,
,,,0,0,0,0,0,0,0,,,
,,,,,,,,,,,,
,,,,,,,,,,,,
126,,,,,,,,,,,,
,,,1,1,1,0,0,0,0,,,
,,,1,1,0,0,0,5,5,,,
,,,0,0,0,0,0,5,0,,,
,,,4,4,4,0,0,5,5,,,
,,,4,4,4,0,0,0,0,,,
,,,0,4,0,0,0,0,0,,,
,,,0,0,0,0,0,0,0,,,
,,,,,,,,,,,,
,,,,,,,,,,,,
127,,,,,,,,,,,,
,,,1,1,1,0,0,0,0,,,
,,,1,1,0,0,0,5,5,,,
,,,0,0,0,0,0,5,0,,,
,,,4,4,4,0,0,5,5,,,
,,,4,4,4,0,0,0,0,,,
,,,0,0,0,0,0,0,0,,,
,,,0,0,0,0,0,0,0,,,
,,,,,,,,,,,,
,,,,,,,,,,,,
128,,,,,,,,,,,,
,,,1,1,1,0,0,0,0,,,
,,,1,1,0,0,0,5,5,,,
,,,0,0,0,0,0,5,0,,,
,,,4,4,4,0,0,5,5,,,
,,,4,4,0,0,0,0,0,,,
,,,0,0,0,0,0,0,0,,,
,,,0,0,0,0,0,0,0,,,
,,,,,,,,,,,,
,,,,,,,,,,,,
129,,,,,,,,,,,,
,,,1,1,1,0,0,0,0,,,
,,,1,1,0,0,0,5,5,,,
,,,0,0,0,0,0,5,0,,,
,,,4,4,0,0,0,5,5,,,
,,,4,4,0,0,0,0,0,,,
,,,0,0,0,0,0,0,0,,,
,,,0,0,0,0,0,0,0,,,
,,,,,,,,,,,,
,,,,,,,,,,,,
130,,,,,,,,,,,,
,,,1,1,1,3,0,0,0,,,
,,,1,1,0,3,0,5,5,,,
,,,6,6,0,0,0,5,0,,,
,,,4,4,0,0,0,5,0,,,
,,,4,4,0,0,0,0,0,,,
,,,0,0,0,0,7,2,0,,,
,,,0,0,0,7,7,2,2,,,
,,,,,,,,,,,,
,,,,,,,,,,,,
131,,,,,,,,,,,,
,,,1,1,1,3,0,0,0,,,
,,,1,1,0,3,0,5,5,,,
,,,0,0,0,0,0,5,0,,,
,,,4,4,0,0,0,5,0,,,
,,,4,4,0,0,0,0,0,,,
,,,0,0,0,0,7,2,0,,,
,,,0,0,0,7,7,2,2,,,
,,,,,,,,,,,,
,,,,,,,,,,,,
132,,,,,,,,,,,,
,,,1,1,1,0,0,0,0,,,
,,,1,1,0,0,0,5,5,,,
,,,0,0,0,0,0,5,0,,,
,,,4,4,0,0,0,5,0,,,
,,,4,4,0,0,0,0,0,,,
,,,0,0,0,0,7,2,0,,,
,,,0,0,0,7,7,2,2,,,
,,,,,,,,,,,,
,,,,,,,,,,,,
133,,,,,,,,,,,,
,,,1,1,1,0,0,0,0,,,
,,,1,1,0,0,0,5,5,,,
,,,0,0,0,0,0,5,0,,,
,,,4,4,0,0,0,0,0,,,
,,,4,4,0,0,0,0,0,,,
,,,0,0,0,0,7,2,0,,,
,,,0,0,0,7,7,2,2,,,
,,,,,,,,,,,,
,,,,,,,,,,,,
134,,,,,,,,,,,,
,,,1,1,1,0,0,0,0,,,
,,,1,1,0,0,0,5,5,,,
,,,0,0,0,0,0,0,0,,,
,,,4,4,0,0,0,0,0,,,
,,,4,4,0,0,0,0,0,,,
,,,0,0,0,0,7,2,0,,,
,,,0,0,0,7,7,2,2,,,
,,,,,,,,,,,,
,,,,,,,,,,,,
135,,,,,,,,,,,,
,,,1,1,1,0,0,3,0,,,
,,,1,1,0,0,0,3,0,,,
,,,0,0,0,0,0,0,2,,,
,,,4,4,0,0,0,0,2,,,
,,,4,4,0,0,0,8,8,,,
,,,0,5,0,0,7,8,0,,,
,,,5,5,0,7,7,8,8,,,
,,,,,,,,,,,,
,,,,,,,,,,,,
136,,,,,,,,,,,,
,,,1,1,1,0,0,3,0,,,
,,,1,1,0,0,0,3,0,,,
,,,0,0,0,0,0,0,2,,,
,,,4,4,0,0,0,0,2,,,
,,,4,4,0,0,0,8,8,,,
,,,0,5,0,0,7,8,0,,,
,,,5,5,0,0,7,8,8,,,
,,,,,,,,,,,,
,,,,,,,,,,,,
137,,,,,,,,,,,,
,,,1,1,1,0,0,3,0,,,
,,,1,1,0,0,0,3,0,,,
,,,0,0,0,0,0,0,2,,,
,,,4,4,0,0,0,0,2,,,
,,,4,4,0,0,0,8,8,,,
,,,0,5,0,0,0,8,0,,,
,,,5,5,0,0,0,8,8,,,
,,,,,,,,,,,,
,,,,,,,,,,,,
138,,,,,,,,,,,,
,,,1,1,1,0,0,3,0,,,
,,,1,1,0,0,0,3,0,,,
,,,0,0,0,0,0,0,2,,,
,,,4,4,0,0,0,0,2,,,
,,,4,4,0,0,0,8,8,,,
,,,0,0,0,0,0,8,0,,,
,,,5,5,0,0,0,8,8,,,
,,,,,,,,,,,,
,,,,,,,,,,,,
139,,,,,,,,,,,,
,,,1,1,1,0,0,3,0,,,
,,,1,1,0,0,0,3,0,,,
,,,0,0,0,0,0,0,2,,,
,,,4,4,0,0,0,0,2,,,
,,,4,4,0,0,0,8,8,,,
,,,0,0,0,0,0,8,0,,,
,,,0,0,0,0,0,8,8,,,
,,,,,,,,,,,,
,,,,,,,,,,,,
140,,,,,,,,,,,,
,,,1,1,1,0,0,3,3,,,
,,,1,1,0,0,0,3,0,,,
,,,0,0,0,2,2,6,6,,,
,,,4,4,0,2,0,0,0,,,
,,,4,4,0,0,8,8,8,,,
,,,0,0,0,0,8,8,0,,,
,,,0,0,0,0,0,8,8,,,
,,,,,,,,,,,,
,,,,,,,,,,,,
141,,,,,,,,,,,,
,,,1,1,1,0,0,3,3,,,
,,,1,1,0,0,0,3,0,,,
,,,0,0,0,2,2,0,0,,,
,,,4,4,0,2,0,0,0,,,
,,,4,4,0,0,8,8,8,,,
,,,0,0,0,0,8,8,0,,,
,,,0,0,0,0,0,8,8,,,
,,,,,,,,,,,,
,,,,,,,,,,,,
142,,,,,,,,,,,,
,,,1,1,1,0,0,3,3,,,
,,,1,1,0,0,0,3,0,,,
,,,0,0,0,2,0,0,0,,,
,,,4,4,0,2,0,0,0,,,
,,,4,4,0,0,8,8,8,,,
,,,0,0,0,0,8,8,0,,,
,,,0,0,0,0,0,8,8,,,
,,,,,,,,,,,,
,,,,,,,,,,,,
143,,,,,,,,,,,,
,,,1,1,1,0,0,3,3,,,
,,,1,1,0,0,0,3,0,,,
,,,0,0,0,0,0,0,0,,,
,,,4,4,0,0,0,0,0,,,
,,,4,4,0,0,8,8,8,,,
,,,0,0,0,0,8,8,0,,,
,,,0,0,0,0,0,8,8,,,
,,,,,,,,,,,,
,,,,,,,,,,,,
144,,,,,,,,,,,,
,,,1,1,1,0,0,3,3,,,
,,,1,1,0,0,0,0,0,,,
,,,0,0,0,0,0,0,0,,,
,,,4,4,0,0,0,0,0,,,
,,,4,4,0,0,8,8,8,,,
,,,0,0,0,0,8,8,0,,,
,,,0,0,0,0,0,8,8,,,
,,,,,,,,,,,,
,,,,,,,,,,,,
145,,,,,,,,,,,,
,,,1,1,1,0,0,3,3,,,
,,,1,1,0,0,0,6,6,,,
,,,0,0,0,0,2,2,2,,,
,,,4,4,0,0,0,2,0,,,
,,,4,4,0,0,8,8,8,,,
,,,0,0,0,0,8,8,0,,,
,,,0,0,5,5,0,8,8,,,
,,,,,,,,,,,,
,,,,,,,,,,,,
146,,,,,,,,,,,,
,,,1,1,1,0,0,3,3,,,
,,,1,1,0,0,0,6,6,,,
,,,0,0,0,0,2,2,2,,,
,,,4,4,0,0,0,2,0,,,
,,,4,4,0,0,8,8,8,,,
,,,0,0,0,0,8,8,0,,,
,,,0,0,0,0,0,8,8,,,
,,,,,,,,,,,,
,,,,,,,,,,,,
147,,,,,,,,,,,,
,,,1,1,1,0,0,0,0,,,
,,,1,1,0,0,0,6,6,,,
,,,0,0,0,0,2,2,2,,,
,,,4,4,0,0,0,2,0,,,
,,,4,4,0,0,8,8,8,,,
,,,0,0,0,0,8,8,0,,,
,,,0,0,0,0,0,8,8,,,
,,,,,,,,,,,,
,,,,,,,,,,,,
148,,,,,,,,,,,,
,,,1,1,1,0,0,0,0,,,
,,,1,1,0,0,0,0,0,,,
,,,0,0,0,0,2,2,2,,,
,,,4,4,0,0,0,2,0,,,
,,,4,4,0,0,8,8,8,,,
,,,0,0,0,0,8,8,0,,,
,,,0,0,0,0,0,8,8,,,
,,,,,,,,,,,,
,,,,,,,,,,,,
149,,,,,,,,,,,,
,,,1,1,1,0,0,0,0,,,
,,,1,1,0,0,0,0,0,,,
,,,0,0,0,0,0,2,2,,,
,,,4,4,0,0,0,2,0,,,
,,,4,4,0,0,8,8,8,,,
,,,0,0,0,0,8,8,0,,,
,,,0,0,0,0,0,8,8,,,
,,,,,,,,,,,,
,,,,,,,,,,,,
150,,,,,,,,,,,,
,,,1,1,1,0,0,3,0,,,
,,,1,1,0,0,0,3,2,,,
,,,0,0,0,0,2,2,2,,,
,,,4,4,0,0,0,0,0,,,
,,,4,4,4,0,8,8,8,,,
,,,0,0,0,5,8,8,0,,,
,,,0,0,0,5,0,8,8,,,
,,,,,,,,,,,,
,,,,,,,,,,,,
151,,,,,,,,,,,,
,,,1,1,1,0,0,0,0,,,
,,,1,1,0,0,0,0,2,,,
,,,0,0,0,0,2,2,2,,,
,,,4,4,0,0,0,0,0,,,
,,,4,4,4,0,8,8,8,,,
,,,0,0,0,5,8,8,0,,,
,,,0,0,0,5,0,8,8,,,
,,,,,,,,,,,,
,,,,,,,,,,,,
152,,,,,,,,,,,,
,,,1,1,1,0,0,0,0,,,
,,,1,1,0,0,0,0,2,,,
,,,0,0,0,0,2,2,2,,,
,,,4,4,0,0,0,0,0,,,
,,,4,4,4,0,8,8,8,,,
,,,0,0,0,0,8,8,0,,,
,,,0,0,0,0,0,8,8,,,
,,,,,,,,,,,,
,,,,,,,,,,,,
153,,,,,,,,,,,,
,,,1,1,1,0,0,0,0,,,
,,,1,1,0,0,0,0,2,,,
,,,0,0,0,0,0,2,2,,,
,,,4,4,0,0,0,0,0,,,
,,,4,4,4,0,8,8,8,,,
,,,0,0,0,0,8,8,0,,,
,,,0,0,0,0,0,8,8,,,
,,,,,,,,,,,,
,,,,,,,,,,,,
154,,,,,,,,,,,,
,,,1,1,1,0,0,0,0,,,
,,,1,1,0,0,0,0,2,,,
,,,0,0,0,0,0,0,2,,,
,,,4,4,0,0,0,0,0,,,
,,,4,4,4,0,8,8,8,,,
,,,0,0,0,0,8,8,0,,,
,,,0,0,0,0,0,8,8,,,
,,,,,,,,,,,,
,,,,,,,,,,,,
155,,,,,,,,,,,,
,,,1,1,1,0,3,0,0,,,
,,,1,1,1,0,3,0,0,,,
,,,0,0,0,0,0,0,0,,,
,,,4,4,0,0,0,0,0,,,
,,,4,4,4,0,8,8,8,,,
,,,0,4,0,0,8,8,8,,,
,,,0,0,2,2,8,8,8,,,
,,,,,,,,,,,,
,,,,,,,,,,,,
156,,,,,,,,,,,,
,,,1,1,1,0,3,0,0,,,
,,,1,1,1,0,3,0,0,,,
,,,0,0,0,0,0,0,0,,,
,,,4,4,0,0,0,0,0,,,
,,,4,4,4,0,8,8,8,,,
,,,0,4,0,0,8,8,8,,,
,,,0,0,0,0,8,8,8,,,
,,,,,,,,,,,,
,,,,,,,,,,,,
157,,,,,,,,,,,,
,,,1,1,1,0,0,0,0,,,
,,,1,1,1,0,0,0,0,,,
,,,0,0,0,0,0,0,0,,,
,,,4,4,0,0,0,0,0,,,
,,,4,4,4,0,8,8,8,,,
,,,0,4,0,0,8,8,8,,,
,,,0,0,0,0,8,8,8,,,
,,,,,,,,,,,,
,,,,,,,,,,,,
158,,,,,,,,,,,,
,,,1,1,1,0,0,0,0,,,
,,,1,1,1,0,0,0,0,,,
,,,0,0,0,0,0,0,0,,,
,,,4,4,0,0,0,0,0,,,
,,,4,4,0,0,8,8,8,,,
,,,0,4,0,0,8,8,8,,,
,,,0,0,0,0,8,8,8,,,
,,,,,,,,,,,,
,,,,,,,,,,,,
159,,,,,,,,,,,,
,,,1,1,1,0,0,0,0,,,
,,,1,1,1,0,0,0,0,,,
,,,0,0,0,0,0,0,0,,,
,,,4,4,0,0,0,0,0,,,
,,,4,4,0,0,8,8,8,,,
,,,0,0,0,0,8,8,8,,,
,,,0,0,0,0,8,8,8,,,
,,,,,,,,,,,,
,,,,,,,,,,,,
160,,,,,,,,,,,,
,,,1,1,1,0,0,2,2,,,
,,,1,1,1,0,0,2,0,,,
,,,0,0,1,0,0,5,5,,,
,,,4,4,0,0,0,0,0,,,
,,,4,4,0,0,8,8,8,,,
,,,0,0,0,0,8,8,8,,,
,,,0,0,0,0,8,8,8,,,
,,,,,,,,,,,,
,,,,,,,,,,,,
161,,,,,,,,,,,,
,,,1,1,1,0,0,2,2,,,
,,,1,1,1,0,0,2,0,,,
,,,0,0,1,0,0,0,0,,,
,,,4,4,0,0,0,0,0,,,
,,,4,4,0,0,8,8,8,,,
,,,0,0,0,0,8,8,8,,,
,,,0,0,0,0,8,8,8,,,
,,,,,,,,,,,,
,,,,,,,,,,,,
162,,,,,,,,,,,,
,,,1,1,1,0,0,2,2,,,
,,,1,1,1,0,0,0,0,,,
,,,0,0,1,0,0,0,0,,,
,,,4,4,0,0,0,0,0,,,
,,,4,4,0,0,8,8,8,,,
,,,0,0,0,0,8,8,8,,,
,,,0,0,0,0,8,8,8,,,
,,,,,,,,,,,,
,,,,,,,,,,,,
163,,,,,,,,,,,,
,,,1,1,1,0,0,0,0,,,
,,,1,1,1,0,0,0,0,,,
,,,0,0,1,0,0,0,0,,,
,,,4,4,0,0,0,0,0,,,
,,,4,4,0,0,8,8,8,,,
,,,0,0,0,0,8,8,8,,,
,,,0,0,0,0,8,8,8,,,
,,,,,,,,,,,,
,,,,,,,,,,,,
164,,,,,,,,,,,,
,,,1,1,1,0,0,0,0,,,
,,,1,1,1,0,0,0,0,,,
,,,0,0,1,0,0,0,0,,,
,,,4,0,0,0,0,0,0,,,
,,,4,4,0,0,8,8,8,,,
,,,0,0,0,0,8,8,8,,,
,,,0,0,0,0,8,8,8,,,
,,,,,,,,,,,,
,,,,,,,,,,,,
165,,,,,,,,,,,,
,,,1,1,1,0,0,0,0,,,
,,,1,1,1,3,3,0,0,,,
,,,1,0,1,5,5,5,0,,,
,,,4,0,0,0,5,0,0,,,
,,,4,0,0,0,8,8,8,,,
,,,0,0,0,2,8,8,8,,,
,,,0,0,0,2,8,8,8,,,
,,,,,,,,,,,,
,,,,,,,,,,,,
166,,,,,,,,,,,,
,,,1,1,1,0,0,0,0,,,
,,,1,1,1,3,3,0,0,,,
,,,1,0,1,5,5,5,0,,,
,,,0,0,0,0,5,0,0,,,
,,,0,0,0,0,8,8,8,,,
,,,0,0,0,2,8,8,8,,,
,,,0,0,0,2,8,8,8,,,
,,,,,,,,,,,,
,,,,,,,,,,,,
167,,,,,,,,,,,,
,,,1,1,1,0,0,0,0,,,
,,,1,1,1,3,3,0,0,,,
,,,1,0,1,5,5,5,0,,,
,,,0,0,0,0,0,0,0,,,
,,,0,0,0,0,8,8,8,,,
,,,0,0,0,2,8,8,8,,,
,,,0,0,0,2,8,8,8,,,
,,,,,,,,,,,,
,,,,,,,,,,,,
168,,,,,,,,,,,,
,,,1,1,1,0,0,0,0,,,
,,,1,1,1,3,3,0,0,,,
,,,1,0,1,5,5,0,0,,,
,,,0,0,0,0,0,0,0,,,
,,,0,0,0,0,8,8,8,,,
,,,0,0,0,2,8,8,8,,,
,,,0,0,0,2,8,8,8,,,
,,,,,,,,,,,,
,,,,,,,,,,,,
169,,,,,,,,,,,,
,,,1,1,1,0,0,0,0,,,
,,,1,1,1,3,3,0,0,,,
,,,1,0,1,0,0,0,0,,,
,,,0,0,0,0,0,0,0,,,
,,,0,0,0,0,8,8,8,,,
,,,0,0,0,2,8,8,8,,,
,,,0,0,0,2,8,8,8,,,
,,,,,,,,,,,,
,,,,,,,,,,,,
170,,,,,,,,,,,,
,,,4,4,4,0,0,0,0,,,
,,,4,4,4,4,4,0,0,,,
,,,4,0,4,0,0,1,0,,,
,,,0,0,4,0,0,1,0,,,
,,,0,0,3,3,8,8,8,,,
,,,0,0,0,2,8,8,8,,,
,,,6,6,6,2,8,8,8,,,
,,,,,,,,,,,,
,,,,,,,,,,,,
171,,,,,,,,,,,,
,,,4,4,4,0,0,0,0,,,
,,,4,4,4,4,4,0,0,,,
,,,4,0,4,0,0,1,0,,,
,,,0,0,4,0,0,1,0,,,
,,,0,0,0,0,8,8,8,,,
,,,0,0,0,2,8,8,8,,,
,,,6,6,6,2,8,8,8,,,
,,,,,,,,,,,,
,,,,,,,,,,,,
172,,,,,,,,,,,,
,,,4,4,4,0,0,0,0,,,
,,,4,4,4,4,4,0,0,,,
,,,4,0,4,0,0,1,0,,,
,,,0,0,4,0,0,1,0,,,
,,,0,0,0,0,8,8,8,,,
,,,0,0,0,0,8,8,8,,,
,,,6,6,6,0,8,8,8,,,
,,,,,,,,,,,,
,,,,,,,,,,,,
173,,,,,,,,,,,,
,,,4,4,4,0,0,0,0,,,
,,,4,4,4,4,4,0,0,,,
,,,4,0,4,0,0,1,0,,,
,,,0,0,4,0,0,1,0,,,
,,,0,0,0,0,8,8,8,,,
,,,0,0,0,0,8,8,8,,,
,,,6,6,0,0,8,8,8,,,
,,,,,,,,,,,,
,,,,,,,,,,,,
174,,,,,,,,,,,,
,,,4,4,4,0,0,0,0,,,
,,,4,4,4,4,4,0,0,,,
,,,4,0,4,0,0,1,0,,,
,,,0,0,4,0,0,1,0,,,
,,,0,0,0,0,8,8,8,,,
,,,0,0,0,0,8,8,8,,,
,,,0,0,0,0,8,8,8,,,
,,,,,,,,,,,,
,,,,,,,,,,,,
175,,,,,,,,,,,,
,,,4,4,4,0,0,2,2,,,
,,,4,4,4,4,4,5,5,,,
,,,4,0,4,0,4,0,0,,,
,,,0,0,4,0,0,1,1,,,
,,,0,0,0,0,8,8,8,,,
,,,0,0,3,0,8,8,8,,,
,,,0,0,3,0,8,8,8,,,
,,,,,,,,,,,,
,,,,,,,,,,,,
176,,,,,,,,,,,,
,,,4,4,4,0,0,2,2,,,
,,,4,4,4,4,4,5,5,,,
,,,4,0,4,0,4,0,0,,,
,,,0,0,4,0,0,0,0,,,
,,,0,0,0,0,8,8,8,,,
,,,0,0,3,0,8,8,8,,,
,,,0,0,3,0,8,8,8,,,
,,,,,,,,,,,,
,,,,,,,,,,,,
177,,,,,,,,,,,,
,,,4,4,4,0,0,2,2,,,
,,,4,4,4,4,4,0,0,,,
,,,4,0,4,0,4,0,0,,,
,,,0,0,4,0,0,0,0,,,
,,,0,0,0,0,8,8,8,,,
,,,0,0,3,0,8,8,8,,,
,,,0,0,3,0,8,8,8,,,
,,,,,,,,,,,,
,,,,,,,,,,,,
178,,,,,,,,,,,,
,,,4,4,4,0,0,0,0,,,
,,,4,4,4,4,4,0,0,,,
,,,4,0,4,0,4,0,0,,,
,,,0,0,4,0,0,0,0,,,
,,,0,0,0,0,8,8,8,,,
,,,0,0,3,0,8,8,8,,,
,,,0,0,3,0,8,8,8,,,
,,,,,,,,,,,,
,,,,,,,,,,,,
179,,,,,,,,,,,,
,,,4,4,4,0,0,0,0,,,
,,,4,4,4,4,4,0,0,,,
,,,4,0,4,0,4,0,0,,,
,,,0,0,4,0,0,0,0,,,
,,,0,0,0,0,8,8,8,,,
,,,0,0,0,0,8,8,8,,,
,,,0,0,0,0,8,8,8,,,
,,,,,,,,,,,,
,,,,,,,,,,,,
180,,,,,,,,,,,,
,,,4,4,4,3,3,0,0,,,
,,,4,4,4,4,4,0,0,,,
,,,4,0,4,6,6,0,0,,,
,,,5,0,4,0,0,2,2,,,
,,,5,0,1,1,2,2,2,,,
,,,0,0,0,2,2,2,2,,,
,,,0,0,0,2,2,2,2,,,
,,,,,,,,,,,,
,,,,,,,,,,,,
181,,,,,,,,,,,,
,,,4,4,4,3,3,0,0,,,
,,,4,4,4,4,4,0,0,,,
,,,4,0,4,0,0,0,0,,,
,,,5,0,4,0,0,2,2,,,
,,,5,0,1,1,2,2,2,,,
,,,0,0,0,2,2,2,2,,,
,,,0,0,0,2,2,2,2,,,
,,,,,,,,,,,,
,,,,,,,,,,,,
182,,,,,,,,,,,,
,,,4,4,4,3,3,0,0,,,
,,,4,4,4,4,4,0,0,,,
,,,4,0,4,0,0,0,0,,,
,,,5,0,4,0,0,2,2,,,
,,,5,0,0,0,2,2,2,,,
,,,0,0,0,2,2,2,2,,,
,,,0,0,0,2,2,2,2,,,
,,,,,,,,,,,,
,,,,,,,,,,,,
183,,,,,,,,,,,,
,,,4,4,4,3,3,0,0,,,
,,,4,4,4,4,4,0,0,,,
,,,4,0,4,0,0,0,0,,,
,,,0,0,4,0,0,2,2,,,
,,,0,0,0,0,2,2,2,,,
,,,0,0,0,2,2,2,2,,,
,,,0,0,0,2,2,2,2,,,
,,,,,,,,,,,,
,,,,,,,,,,,,
184,,,,,,,,,,,,
,,,4,4,4,0,0,0,0,,,
,,,4,4,4,4,4,0,0,,,
,,,4,0,4,0,0,0,0,,,
,,,0,0,4,0,0,2,2,,,
,,,0,0,0,0,2,2,2,,,
,,,0,0,0,2,2,2,2,,,
,,,0,0,0,2,2,2,2,,,
,,,,,,,,,,,,
,,,,,,,,,,,,
185,,,,,,,,,,,,
,,,4,4,4,0,0,0,0,,,
,,,4,4,4,4,0,0,1,,,
,,,4,0,4,4,0,0,1,,,
,,,4,0,4,0,0,2,2,,,
,,,3,3,5,5,2,2,2,,,
,,,0,0,0,2,2,2,2,,,
,,,0,0,0,2,2,2,2,,,
,,,,,,,,,,,,
,,,,,,,,,,,,
186,,,,,,,,,,,,
,,,4,4,4,0,0,0,0,,,
,,,4,4,4,4,0,0,1,,,
,,,4,0,4,4,0,0,1,,,
,,,4,0,4,0,0,2,2,,,
,,,3,3,0,0,2,2,2,,,
,,,0,0,0,2,2,2,2,,,
,,,0,0,0,2,2,2,2,,,
,,,,,,,,,,,,
,,,,,,,,,,,,
187,,,,,,,,,,,,
,,,4,4,4,0,0,0,0,,,
,,,4,4,4,4,0,0,1,,,
,,,4,0,4,4,0,0,1,,,
,,,4,0,4,0,0,2,2,,,
,,,0,0,0,0,2,2,2,,,
,,,0,0,0,2,2,2,2,,,
,,,0,0,0,2,2,2,2,,,
,,,,,,,,,,,,
,,,,,,,,,,,,
188,,,,,,,,,,,,
,,,4,4,4,0,0,0,0,,,
,,,4,4,4,4,0,0,0,,,
,,,4,0,4,4,0,0,0,,,
,,,4,0,4,0,0,2,2,,,
,,,0,0,0,0,2,2,2,,,
,,,0,0,0,2,2,2,2,,,
,,,0,0,0,2,2,2,2,,,
,,,,,,,,,,,,
,,,,,,,,,,,,
189,,,,,,,,,,,,
,,,4,4,4,0,0,0,0,,,
,,,4,4,4,4,0,0,0,,,
,,,4,0,4,4,0,0,0,,,
,,,4,0,0,0,0,2,2,,,
,,,0,0,0,0,2,2,2,,,
,,,0,0,0,2,2,2,2,,,
,,,0,0,0,2,2,2,2,,,
,,,,,,,,,,,,
,,,,,,,,,,,,
190,,,,,,,,,,,,
,,,4,4,4,0,0,0,0,,,
,,,4,4,4,4,4,1,5,,,
,,,4,0,4,0,0,1,5,,,
,,,4,0,0,0,0,2,2,,,
,,,0,0,6,6,2,2,2,,,
,,,0,0,0,2,2,2,2,,,
,,,3,3,0,2,2,2,2,,,
,,,,,,,,,,,,
,,,,,,,,,,,,
191,,,,,,,,,,,,
,,,4,4,4,0,0,0,0,,,
,,,4,4,4,4,4,0,5,,,
,,,4,0,4,0,0,0,5,,,
,,,4,0,0,0,0,2,2,,,
,,,0,0,6,6,2,2,2,,,
,,,0,0,0,2,2,2,2,,,
,,,3,3,0,2,2,2,2,,,
,,,,,,,,,,,,
,,,,,,,,,,,,
192,,,,,,,,,,,,
,,,4,4,4,0,0,0,0,,,
,,,4,4,4,4,4,0,0,,,
,,,4,0,4,0,0,0,0,,,
,,,4,0,0,0,0,2,2,,,
,,,0,0,6,6,2,2,2,,,
,,,0,0,0,2,2,2,2,,,
,,,3,3,0,2,2,2,2,,,
,,,,,,,,,,,,
,,,,,,,,,,,,
193,,,,,,,,,,,,
,,,4,4,4,0,0,0,0,,,
,,,4,4,4,4,4,0,0,,,
,,,4,0,4,0,0,0,0,,,
,,,4,0,0,0,0,2,2,,,
,,,0,0,0,0,2,2,2,,,
,,,0,0,0,2,2,2,2,,,
,,,3,3,0,2,2,2,2,,,
,,,,,,,,,,,,
,,,,,,,,,,,,
194,,,,,,,,,,,,
,,,4,4,4,0,0,0,0,,,
,,,4,4,4,4,4,0,0,,,
,,,4,0,4,0,0,0,0,,,
,,,4,0,0,0,0,2,2,,,
,,,0,0,0,0,2,2,2,,,
,,,0,0,0,2,2,2,2,,,
,,,0,0,0,2,2,2,2,,,
,,,,,,,,,,,,
,,,,,,,,,,,,
195,,,,,,,,,,,,
,,,4,4,4,4,0,0,0,,,
,,,4,4,4,4,0,0,0,,,
,,,4,0,4,0,0,0,0,,,
,,,4,3,3,0,0,2,2,,,
,,,0,1,3,0,2,2,2,,,
,,,0,1,2,2,2,2,2,,,
,,,0,0,0,2,2,2,2,,,
,,,,,,,,,,,,
,,,,,,,,,,,,
196,,,,,,,,,,,,
,,,4,4,4,4,0,0,0,,,
,,,4,4,4,4,0,0,0,,,
,,,4,0,4,0,0,0,0,,,
,,,4,3,3,0,0,2,2,,,
,,,0,0,3,0,2,2,2,,,
,,,0,0,2,2,2,2,2,,,
,,,0,0,0,2,2,2,2,,,
,,,,,,,,,,,,
,,,,,,,,,,,,
197,,,,,,,,,,,,
,,,4,4,4,4,0,0,0,,,
,,,4,4,4,4,0,0,0,,,
,,,4,0,4,0,0,0,0,,,
,,,4,0,3,0,0,2,2,,,
,,,0,0,3,0,2,2,2,,,
,,,0,0,2,2,2,2,2,,,
,,,0,0,0,2,2,2,2,,,
,,,,,,,,,,,,
,,,,,,,,,,,,
198,,,,,,,,,,,,
,,,4,4,4,4,0,0,0,,,
,,,4,4,4,4,0,0,0,,,
,,,4,0,4,0,0,0,0,,,
,,,4,0,0,0,0,2,2,,,
,,,0,0,0,0,2,2,2,,,
,,,0,0,2,2,2,2,2,,,
,,,0,0,0,2,2,2,2,,,
,,,,,,,,,,,,
,,,,,,,,,,,,
199,,,,,,,,,,,,
,,,4,4,4,4,0,0,0,,,
,,,4,4,4,4,0,0,0,,,
,,,4,0,4,0,0,0,0,,,
,,,4,0,0,0,0,2,2,,,
,,,0,0,0,0,2,2,2,,,
,,,0,0,0,2,2,2,2,,,
,,,0,0,0,2,2,2,2,,,
,,,,,,,,,,,,
,,,,,,,,,,,,
200,,,,,,,,,,,,
,,,4,4,4,4,1,1,0,,,
,,,4,4,4,4,0,0,0,,,
,,,4,4,4,0,6,6,0,,,
,,,4,0,0,5,5,2,2,,,
,,,3,3,0,0,2,2,2,,,
,,,0,0,0,2,2,2,2,,,
,,,0,0,0,2,2,2,2,,,
,,,,,,,,,,,,
,,,,,,,,,,,,
201,,,,,,,,,,,,
,,,4,4,4,4,1,1,0,,,
,,,4,4,4,4,0,0,0,,,
,,,4,4,4,0,0,0,0,,,
,,,4,0,0,5,5,2,2,,,
,,,3,3,0,0,2,2,2,,,
,,,0,0,0,2,2,2,2,,,
,,,0,0,0,2,2,2,2,,,
,,,,,,,,,,,,
,,,,,,,,,,,,
202,,,,,,,,,,,,
,,,4,4,4,4,1,1,0,,,
,,,4,4,4,4,0,0,0,,,
,,,4,4,4,0,0,0,0,,,
,,,4,0,0,0,0,2,2,,,
,,,3,3,0,0,2,2,2,,,
,,,0,0,0,2,2,2,2,,,
,,,0,0,0,2,2,2,2,,,
,,,,,,,,,,,,
,,,,,,,,,,,,
203,,,,,,,,,,,,
,,,4,4,4,4,1,1,0,,,
,,,4,4,4,4,0,0,0,,,
,,,4,4,4,0,0,0,0,,,
,,,4,0,0,0,0,2,2,,,
,,,0,0,0,0,2,2,2,,,
,,,0,0,0,2,2,2,2,,,
,,,0,0,0,2,2,2,2,,,
,,,,,,,,,,,,
,,,,,,,,,,,,
204,,,,,,,,,,,,
,,,4,4,4,4,0,0,0,,,
,,,4,4,4,4,0,0,0,,,
,,,4,4,4,0,0,0,0,,,
,,,4,0,0,0,0,2,2,,,
,,,0,0,0,0,2,2,2,,,
,,,0,0,0,2,2,2,2,,,
,,,0,0,0,2,2,2,2,,,
,,,,,,,,,,,,
,,,,,,,,,,,,
205,,,,,,,,,,,,
,,,4,4,4,4,0,0,0,,,
,,,4,4,4,0,0,3,0,,,
,,,4,4,4,0,0,3,2,,,
,,,4,1,0,0,0,2,2,,,
,,,0,1,0,0,2,2,2,,,
,,,0,0,2,2,2,2,2,,,
,,,0,0,2,2,2,2,2,,,
,,,,,,,,,,,,
,,,,,,,,,,,,
206,,,,,,,,,,,,
,,,4,4,4,4,0,0,0,,,
,,,4,4,4,0,0,3,0,,,
,,,4,4,4,0,0,3,2,,,
,,,4,0,0,0,0,2,2,,,
,,,0,0,0,0,2,2,2,,,
,,,0,0,2,2,2,2,2,,,
,,,0,0,2,2,2,2,2,,,
,,,,,,,,,,,,
,,,,,,,,,,,,
207,,,,,,,,,,,,
,,,4,4,4,4,0,0,0,,,
,,,4,4,4,0,0,0,0,,,
,,,4,4,4,0,0,0,2,,,
,,,4,0,0,0,0,2,2,,,
,,,0,0,0,0,2,2,2,,,
,,,0,0,2,2,2,2,2,,,
,,,0,0,2,2,2,2,2,,,
,,,,,,,,,,,,
,,,,,,,,,,,,
208,,,,,,,,,,,,
,,,4,4,4,0,0,0,0,,,
,,,4,4,4,0,0,0,0,,,
,,,4,4,4,0,0,0,2,,,
,,,4,0,0,0,0,2,2,,,
,,,0,0,0,0,2,2,2,,,
,,,0,0,2,2,2,2,2,,,
,,,0,0,2,2,2,2,2,,,
,,,,,,,,,,,,
,,,,,,,,,,,,
209,,,,,,,,,,,,
,,,4,4,4,0,0,0,0,,,
,,,4,4,4,0,0,0,0,,,
,,,4,4,4,0,0,0,2,,,
,,,4,0,0,0,0,2,2,,,
,,,0,0,0,0,2,2,2,,,
,,,0,0,0,2,2,2,2,,,
,,,0,0,2,2,2,2,2,,,
,,,,,,,,,,,,
,,,,,,,,,,,,
210,,,,,,,,,,,,
,,,4,4,4,0,0,0,0,,,
,,,4,4,4,0,0,6,0,,,
,,,4,4,4,0,0,6,2,,,
,,,4,5,3,3,0,2,2,,,
,,,0,5,0,0,2,2,2,,,
,,,1,0,0,2,2,2,2,,,
,,,1,0,0,2,2,2,2,,,
,,,,,,,,,,,,
,,,,,,,,,,,,
211,,,,,,,,,,,,
,,,4,4,4,0,0,0,0,,,
,,,4,4,4,0,0,0,0,,,
,,,4,4,4,0,0,0,2,,,
,,,4,5,3,3,0,2,2,,,
,,,0,5,0,0,2,2,2,,,
,,,1,0,0,2,2,2,2,,,
,,,1,0,0,2,2,2,2,,,
,,,,,,,,,,,,
,,,,,,,,,,,,
212,,,,,,,,,,,,
,,,4,4,4,0,0,0,0,,,
,,,4,4,4,0,0,0,0,,,
,,,4,4,4,0,0,0,2,,,
,,,4,5,0,0,0,2,2,,,
,,,0,5,0,0,2,2,2,,,
,,,1,0,0,2,2,2,2,,,
,,,1,0,0,2,2,2,2,,,
,,,,,,,,,,,,
,,,,,,,,,,,,
213,,,,,,,,,,,,
,,,4,4,4,0,0,0,0,,,
,,,4,4,4,0,0,0,0,,,
,,,4,4,4,0,0,0,2,,,
,,,4,0,0,0,0,2,2,,,
,,,0,0,0,0,2,2,2,,,
,,,1,0,0,2,2,2,2,,,
,,,1,0,0,2,2,2,2,,,
,,,,,,,,,,,,
,,,,,,,,,,,,
214,,,,,,,,,,,,
,,,4,4,4,0,0,0,0,,,
,,,4,4,4,0,0,0,0,,,
,,,4,4,4,0,0,0,2,,,
,,,4,0,0,0,0,2,2,,,
,,,0,0,0,0,2,2,2,,,
,,,0,0,0,2,2,2,2,,,
,,,0,0,0,2,2,2,2,,,
,,,,,,,,,,,,
,,,,,,,,,,,,
215,,,,,,,,,,,,
,,,4,4,4,0,0,0,0,,,
,,,4,4,4,4,5,7,7,,,
,,,4,4,4,4,5,0,0,,,
,,,4,0,3,3,0,2,2,,,
,,,0,0,0,0,2,2,2,,,
,,,1,1,0,2,2,2,2,,,
,,,0,0,0,2,2,2,2,,,
,,,,,,,,,,,,
,,,,,,,,,,,,
216,,,,,,,,,,,,
,,,4,4,4,0,0,0,0,,,
,,,4,4,4,4,5,0,0,,,
,,,4,4,4,4,5,0,0,,,
,,,4,0,3,3,0,2,2,,,
,,,0,0,0,0,2,2,2,,,
,,,1,1,0,2,2,2,2,,,
,,,0,0,0,2,2,2,2,,,
,,,,,,,,,,,,
,,,,,,,,,,,,
217,,,,,,,,,,,,
,,,4,4,4,0,0,0,0,,,
,,,4,4,4,4,0,0,0,,,
,,,4,4,4,4,0,0,0,,,
,,,4,0,3,3,0,2,2,,,
,,,0,0,0,0,2,2,2,,,
,,,1,1,0,2,2,2,2,,,
,,,0,0,0,2,2,2,2,,,
,,,,,,,,,,,,
,,,,,,,,,,,,
218,,,,,,,,,,,,
,,,4,4,4,0,0,0,0,,,
,,,4,4,4,4,0,0,0,,,
,,,4,4,4,4,0,0,0,,,
,,,4,0,0,0,0,2,2,,,
,,,0,0,0,0,2,2,2,,,
,,,1,1,0,2,2,2,2,,,
,,,0,0,0,2,2,2,2,,,
,,,,,,,,,,,,
,,,,,,,,,,,,
219,,,,,,,,,,,,
,,,4,4,4,0,0,0,0,,,
,,,4,4,4,4,0,0,0,,,
,,,4,4,4,4,0,0,0,,,
,,,4,0,0,0,0,2,2,,,
,,,0,0,0,0,2,2,2,,,
,,,0,0,0,2,2,2,2,,,
,,,0,0,0,2,2,2,2,,,
,,,,,,,,,,,,
,,,,,,,,,,,,
220,,,,,,,,,,,,
,,,4,4,4,0,5,0,0,,,
,,,4,4,4,4,5,3,3,,,
,,,4,4,4,0,7,1,1,,,
,,,4,0,0,0,7,2,2,,,
,,,0,0,0,0,2,2,2,,,
,,,0,0,0,2,2,2,2,,,
,,,0,6,6,2,2,2,2,,,
,,,,,,,,,,,,
,,,,,,,,,,,,
221,,,,,,,,,,,,
,,,4,4,4,0,0,0,0,,,
,,,4,4,4,4,0,3,3,,,
,,,4,4,4,0,7,1,1,,,
,,,4,0,0,0,7,2,2,,,
,,,0,0,0,0,2,2,2,,,
,,,0,0,0,2,2,2,2,,,
,,,0,6,6,2,2,2,2,,,
,,,,,,,,,,,,
,,,,,,,,,,,,
222,,,,,,,,,,,,
,,,4,4,4,0,0,0,0,,,
,,,4,4,4,4,0,0,0,,,
,,,4,4,4,0,7,1,1,,,
,,,4,0,0,0,7,2,2,,,
,,,0,0,0,0,2,2,2,,,
,,,0,0,0,2,2,2,2,,,
,,,0,6,6,2,2,2,2,,,
,,,,,,,,,,,,
,,,,,,,,,,,,
223,,,,,,,,,,,,
,,,4,4,4,0,0,0,0,,,
,,,4,4,4,4,0,0,0,,,
,,,4,4,4,0,7,0,0,,,
,,,4,0,0,0,7,2,2,,,
,,,0,0,0,0,2,2,2,,,
,,,0,0,0,2,2,2,2,,,
,,,0,6,6,2,2,2,2,,,
,,,,,,,,,,,,
,,,,,,,,,,,,
224,,,,,,,,,,,,
,,,4,4,4,0,0,0,0,,,
,,,4,4,4,4,0,0,0,,,
,,,4,4,4,0,0,0,0,,,
,,,4,0,0,0,0,2,2,,,
,,,0,0,0,0,2,2,2,,,
,,,0,0,0,2,2,2,2,,,
,,,0,6,6,2,2,2,2,,,
,,,,,,,,,,,,
,,,,,,,,,,,,
225,,,,,,,,,,,,
,,,4,4,4,0,0,0,0,,,
,,,4,4,4,4,0,0,0,,,
,,,4,4,4,1,1,2,0,,,
,,,4,0,0,0,0,2,2,,,
,,,8,8,0,0,2,2,2,,,
,,,0,8,0,2,2,2,2,,,
,,,0,8,0,2,2,2,2,,,
,,,,,,,,,,,,
,,,,,,,,,,,,
226,,,,,,,,,,,,
,,,4,4,4,0,0,0,0,,,
,,,4,4,4,4,0,0,0,,,
,,,4,4,4,0,0,2,0,,,
,,,4,0,0,0,0,2,2,,,
,,,8,8,0,0,2,2,2,,,
,,,0,8,0,2,2,2,2,,,
,,,0,8,0,2,2,2,2,,,
,,,,,,,,,,,,
,,,,,,,,,,,,
227,,,,,,,,,,,,
,,,4,4,4,0,0,0,0,,,
,,,4,4,4,4,0,0,0,,,
,,,4,4,4,0,0,2,0,,,
,,,4,0,0,0,0,2,2,,,
,,,8,8,0,0,2,2,2,,,
,,,0,8,0,2,2,2,2,,,
,,,0,0,0,2,2,2,2,,,
,,,,,,,,,,,,
,,,,,,,,,,,,
228,,,,,,,,,,,,
,,,4,4,4,0,0,0,0,,,
,,,4,4,4,4,0,0,0,,,
,,,4,4,4,0,0,2,0,,,
,,,4,0,0,0,0,2,2,,,
,,,8,8,0,0,2,2,2,,,
,,,0,0,0,2,2,2,2,,,
,,,0,0,0,2,2,2,2,,,
,,,,,,,,,,,,
,,,,,,,,,,,,
229,,,,,,,,,,,,
,,,4,4,4,0,0,0,0,,,
,,,4,4,4,4,0,0,0,,,
,,,4,4,4,0,0,2,0,,,
,,,4,0,0,0,0,2,2,,,
,,,0,0,0,0,2,2,2,,,
,,,0,0,0,2,2,2,2,,,
,,,0,0,0,2,2,2,2,,,
,,,,,,,,,,,,
,,,,,,,,,,,,
230,,,,,,,,,,,,
,,,4,4,4,0,0,6,0,,,
,,,4,4,4,4,0,6,0,,,
,,,4,4,4,0,0,0,0,,,
,,,4,4,1,0,0,2,2,,,
,,,3,3,1,0,2,2,2,,,
,,,0,5,5,2,2,2,2,,,
,,,7,7,0,2,2,2,2,,,
,,,,,,,,,,,,
,,,,,,,,,,,,
231,,,,,,,,,,,,
,,,4,4,4,0,0,6,0,,,
,,,4,4,4,4,0,6,0,,,
,,,4,4,4,0,0,0,0,,,
,,,4,4,0,0,0,2,2,,,
,,,3,3,0,0,2,2,2,,,
,,,0,5,5,2,2,2,2,,,
,,,7,7,0,2,2,2,2,,,
,,,,,,,,,,,,
,,,,,,,,,,,,
232,,,,,,,,,,,,
,,,4,4,4,0,0,6,0,,,
,,,4,4,4,4,0,6,0,,,
,,,4,4,4,0,0,0,0,,,
,,,4,4,0,0,0,2,2,,,
,,,0,0,0,0,2,2,2,,,
,,,0,5,5,2,2,2,2,,,
,,,7,7,0,2,2,2,2,,,
,,,,,,,,,,,,
,,,,,,,,,,,,
233,,,,,,,,,,,,
,,,4,4,4,0,0,6,0,,,
,,,4,4,4,4,0,6,0,,,
,,,4,4,4,0,0,0,0,,,
,,,4,4,0,0,0,2,2,,,
,,,0,0,0,0,2,2,2,,,
,,,0,0,0,2,2,2,2,,,
,,,7,7,0,2,2,2,2,,,
,,,,,,,,,,,,
,,,,,,,,,,,,
234,,,,,,,,,,,,
,,,4,4,4,0,0,6,0,,,
,,,4,4,4,4,0,6,0,,,
,,,4,4,4,0,0,0,0,,,
,,,4,4,0,0,0,2,2,,,
,,,0,0,0,0,2,2,2,,,
,,,0,0,0,2,2,2,2,,,
,,,0,0,0,2,2,2,2,,,
,,,,,,,,,,,,
,,,,,,,,,,,,
235,,,,,,,,,,,,
,,,4,4,4,0,3,5,0,,,
,,,4,4,4,4,3,5,0,,,
,,,4,4,4,0,0,0,2,,,
,,,4,4,4,0,0,2,2,,,
,,,4,1,1,0,2,2,2,,,
,,,0,0,0,2,2,2,2,,,
,,,0,0,0,2,2,2,2,,,
,,,,,,,,,,,,
,,,,,,,,,,,,
236,,,,,,,,,,,,
,,,4,4,4,0,3,0,0,,,
,,,4,4,4,4,3,0,0,,,
,,,4,4,4,0,0,0,2,,,
,,,4,4,4,0,0,2,2,,,
,,,4,1,1,0,2,2,2,,,
,,,0,0,0,2,2,2,2,,,
,,,0,0,0,2,2,2,2,,,
,,,,,,,,,,,,
,,,,,,,,,,,,
237,,,,,,,,,,,,
,,,4,4,4,0,0,0,0,,,
,,,4,4,4,4,0,0,0,,,
,,,4,4,4,0,0,0,2,,,
,,,4,4,4,0,0,2,2,,,
,,,4,1,1,0,2,2,2,,,
,,,0,0,0,2,2,2,2,,,
,,,0,0,0,2,2,2,2,,,
,,,,,,,,,,,,
,,,,,,,,,,,,
238,,,,,,,,,,,,
,,,4,4,4,0,0,0,0,,,
,,,4,4,4,4,0,0,0,,,
,,,4,4,4,0,0,0,2,,,
,,,4,4,4,0,0,2,2,,,
,,,4,0,0,0,2,2,2,,,
,,,0,0,0,2,2,2,2,,,
,,,0,0,0,2,2,2,2,,,
,,,,,,,,,,,,
,,,,,,,,,,,,
239,,,,,,,,,,,,
,,,4,4,4,0,0,0,0,,,
,,,4,4,4,4,0,0,0,,,
,,,4,4,4,0,0,0,2,,,
,,,4,4,0,0,0,2,2,,,
,,,4,0,0,0,2,2,2,,,
,,,0,0,0,2,2,2,2,,,
,,,0,0,0,2,2,2,2,,,
,,,,,,,,,,,,
,,,,,,,,,,,,
240,,,,,,,,,,,,
,,,4,4,4,0,0,0,0,,,
,,,4,4,4,0,0,1,1,,,
,,,4,4,4,0,0,0,2,,,
,,,4,4,6,6,0,2,2,,,
,,,4,4,6,2,2,2,2,,,
,,,0,0,0,2,2,2,2,,,
,,,0,0,0,2,2,2,2,,,
,,,,,,,,,,,,
,,,,,,,,,,,,
241,,,,,,,,,,,,
,,,4,4,4,0,0,0,0,,,
,,,4,4,4,0,0,1,1,,,
,,,4,4,4,0,0,0,2,,,
,,,4,4,6,6,0,2,2,,,
,,,4,4,0,2,2,2,2,,,
,,,0,0,0,2,2,2,2,,,
,,,0,0,0,2,2,2,2,,,
,,,,,,,,,,,,
,,,,,,,,,,,,
242,,,,,,,,,,,,
,,,4,4,4,0,0,0,0,,,
,,,4,4,4,0,0,1,1,,,
,,,4,4,4,0,0,0,2,,,
,,,4,4,0,0,0,2,2,,,
,,,4,4,0,2,2,2,2,,,
,,,0,0,0,2,2,2,2,,,
,,,0,0,0,2,2,2,2,,,
,,,,,,,,,,,,
,,,,,,,,,,,,
243,,,,,,,,,,,,
,,,4,4,4,0,0,0,0,,,
,,,4,4,4,0,0,0,0,,,
,,,4,4,4,0,0,0,2,,,
,,,4,4,0,0,0,2,2,,,
,,,4,4,0,2,2,2,2,,,
,,,0,0,0,2,2,2,2,,,
,,,0,0,0,2,2,2,2,,,
,,,,,,,,,,,,
,,,,,,,,,,,,
244,,,,,,,,,,,,
,,,4,4,4,0,0,0,0,,,
,,,4,4,4,0,0,0,0,,,
,,,4,4,4,0,0,0,2,,,
,,,4,4,0,0,0,2,2,,,
,,,4,0,0,2,2,2,2,,,
,,,0,0,0,2,2,2,2,,,
,,,0,0,0,2,2,2,2,,,
,,,,,,,,,,,,
,,,,,,,,,,,,
245,,,,,,,,,,,,
,,,4,4,4,3,3,0,0,,,
,,,4,4,4,0,1,0,0,,,
,,,4,4,4,0,1,1,2,,,
,,,4,4,5,0,1,2,2,,,
,,,0,0,5,2,2,2,2,,,
,,,0,0,2,2,2,2,2,,,
,,,0,0,0,2,2,2,2,,,
,,,,,,,,,,,,
,,,,,,,,,,,,
246,,,,,,,,,,,,
,,,4,4,4,3,3,0,0,,,
,,,4,4,4,0,1,0,0,,,
,,,4,4,4,0,1,1,2,,,
,,,4,4,0,0,1,2,2,,,
,,,0,0,0,2,2,2,2,,,
,,,0,0,2,2,2,2,2,,,
,,,0,0,0,2,2,2,2,,,
,,,,,,,,,,,,
,,,,,,,,,,,,
247,,,,,,,,,,,,
,,,4,4,4,0,0,0,0,,,
,,,4,4,4,0,1,0,0,,,
,,,4,4,4,0,1,1,2,,,
,,,4,4,0,0,1,2,2,,,
,,,0,0,0,2,2,2,2,,,
,,,0,0,2,2,2,2,2,,,
,,,0,0,0,2,2,2,2,,,
,,,,,,,,,,,,
,,,,,,,,,,,,
248,,,,,,,,,,,,
,,,4,4,4,0,0,0,0,,,
,,,4,4,4,0,0,0,0,,,
,,,4,4,4,0,1,1,2,,,
,,,4,4,0,0,1,2,2,,,
,,,0,0,0,2,2,2,2,,,
,,,0,0,2,2,2,2,2,,,
,,,0,0,0,2,2,2,2,,,
,,,,,,,,,,,,
,,,,,,,,,,,,
249,,,,,,,,,,,,
,,,4,4,4,0,0,0,0,,,
,,,4,4,4,0,0,0,0,,,
,,,4,4,4,0,1,1,2,,,
,,,4,4,0,0,0,2,2,,,
,,,0,0,0,2,2,2,2,,,
,,,0,0,2,2,2,2,2,,,
,,,0,0,0,2,2,2,2,,,
,,,,,,,,,,,,
,,,,,,,,,,,,
250,,,,,,,,,,,,
,,,1,1,1,0,0,0,0,,,
,,,1,1,1,0,0,0,0,,,
,,,1,1,1,1,1,0,2,,,
,,,1,1,0,1,1,2,2,,,
,,,1,0,0,2,2,2,2,,,
,,,3,0,2,2,2,2,2,,,
,,,3,0,2,2,2,2,2,,,
,,,,,,,,,,,,
,,,,,,,,,,,,
251,,,,,,,,,,,,
,,,1,1,1,0,0,0,0,,,
,,,1,1,1,0,0,0,0,,,
,,,1,1,1,1,1,0,2,,,
,,,1,1,0,1,1,2,2,,,
,,,1,0,0,2,2,2,2,,,
,,,0,0,2,2,2,2,2,,,
,,,0,0,2,2,2,2,2,,,
,,,,,,,,,,,,
,,,,,,,,,,,,
252,,,,,,,,,,,,
,,,1,1,1,0,0,0,0,,,
,,,1,1,1,0,0,0,0,,,
,,,1,1,1,1,1,0,2,,,
,,,1,1,0,1,0,2,2,,,
,,,1,0,0,2,2,2,2,,,
,,,0,0,2,2,2,2,2,,,
,,,0,0,2,2,2,2,2,,,
,,,,,,,,,,,,
,,,,,,,,,,,,
253,,,,,,,,,,,,
,,,1,1,1,0,0,0,0,,,
,,,1,1,1,0,0,0,0,,,
,,,1,1,1,1,1,0,2,,,
,,,1,1,0,0,0,2,2,,,
,,,1,0,0,2,2,2,2,,,
,,,0,0,2,2,2,2,2,,,
,,,0,0,2,2,2,2,2,,,
,,,,,,,,,,,,
,,,,,,,,,,,,
254,,,,,,,,,,,,
,,,1,1,1,0,0,0,0,,,
,,,1,1,1,0,0,0,0,,,
,,,1,1,1,1,0,0,2,,,
,,,1,1,0,0,0,2,2,,,
,,,1,0,0,2,2,2,2,,,
,,,0,0,2,2,2,2,2,,,
,,,0,0,2,2,2,2,2,,,
,,,,,,,,,,,,
,,,,,,,,,,,,
255,,,,,,,,,,,,
,,,1,1,1,0,0,4,4,,,
,,,1,1,1,0,0,0,0,,,
,,,1,1,1,0,2,2,2,,,
,,,1,1,3,2,0,2,2,,,
,,,1,0,3,2,2,2,2,,,
,,,0,0,2,2,2,2,2,,,
,,,0,0,2,2,2,2,2,,,
,,,,,,,,,,,,
,,,,,,,,,,,,
256,,,,,,,,,,,,
,,,1,1,1,0,0,4,4,,,
,,,1,1,1,0,0,0,0,,,
,,,1,1,1,0,2,2,2,,,
,,,1,1,0,2,0,2,2,,,
,,,1,0,0,2,2,2,2,,,
,,,0,0,2,2,2,2,2,,,
,,,0,0,2,2,2,2,2,,,
,,,,,,,,,,,,
,,,,,,,,,,,,
257,,,,,,,,,,,,
,,,1,1,1,0,0,0,0,,,
,,,1,1,1,0,0,0,0,,,
,,,1,1,1,0,2,2,2,,,
,,,1,1,0,2,0,2,2,,,
,,,1,0,0,2,2,2,2,,,
,,,0,0,2,2,2,2,2,,,
,,,0,0,2,2,2,2,2,,,
,,,,,,,,,,,,
,,,,,,,,,,,,
258,,,,,,,,,,,,
,,,1,1,1,0,0,0,0,,,
,,,1,1,1,0,0,0,0,,,
,,,1,1,0,0,2,2,2,,,
,,,1,1,0,2,0,2,2,,,
,,,1,0,0,2,2,2,2,,,
,,,0,0,2,2,2,2,2,,,
,,,0,0,2,2,2,2,2,,,
,,,,,,,,,,,,
,,,,,,,,,,,,
259,,,,,,,,,,,,
,,,1,1,1,0,0,0,0,,,
,,,1,1,1,0,0,0,0,,,
,,,1,1,0,0,2,2,2,,,
,,,1,0,0,2,0,2,2,,,
,,,1,0,0,2,2,2,2,,,
,,,0,0,2,2,2,2,2,,,
,,,0,0,2,2,2,2,2,,,
,,,,,,,,,,,,
,,,,,,,,,,,,
260,,,,,,,,,,,,
,,,1,1,1,0,0,0,0,,,
,,,1,1,1,0,4,4,4,,,
,,,1,1,0,0,2,2,2,,,
,,,1,5,5,2,0,2,2,,,
,,,1,0,0,2,2,2,2,,,
,,,3,0,2,2,2,2,2,,,
,,,3,0,2,2,2,2,2,,,
,,,,,,,,,,,,
,,,,,,,,,,,,
261,,,,,,,,,,,,
,,,1,1,1,0,0,0,0,,,
,,,1,1,1,0,4,4,4,,,
,,,1,1,0,0,2,2,2,,,
,,,1,0,0,2,0,2,2,,,
,,,1,0,0,2,2,2,2,,,
,,,3,0,2,2,2,2,2,,,
,,,3,0,2,2,2,2,2,,,
,,,,,,,,,,,,
,,,,,,,,,,,,
262,,,,,,,,,,,,
,,,1,1,1,0,0,0,0,,,
,,,1,1,1,0,4,4,4,,,
,,,1,1,0,0,2,2,2,,,
,,,1,0,0,2,0,2,2,,,
,,,1,0,0,2,2,2,2,,,
,,,0,0,2,2,2,2,2,,,
,,,0,0,2,2,2,2,2,,,
,,,,,,,,,,,,
,,,,,,,,,,,,
263,,,,,,,,,,,,
,,,1,1,1,0,0,0,0,,,
,,,1,1,1,0,0,4,4,,,
,,,1,1,0,0,2,2,2,,,
,,,1,0,0,2,0,2,2,,,
,,,1,0,0,2,2,2,2,,,
,,,0,0,2,2,2,2,2,,,
,,,0,0,2,2,2,2,2,,,
,,,,,,,,,,,,
,,,,,,,,,,,,
264,,,,,,,,,,,,
,,,1,1,1,0,0,0,0,,,
,,,1,1,1,0,0,0,0,,,
,,,1,1,0,0,2,2,2,,,
,,,1,0,0,2,0,2,2,,,
,,,1,0,0,2,2,2,2,,,
,,,0,0,2,2,2,2,2,,,
,,,0,0,2,2,2,2,2,,,
,,,,,,,,,,,,
,,,,,,,,,,,,
265,,,,,,,,,,,,
,,,1,1,1,1,0,0,0,,,
,,,1,1,1,1,0,0,0,,,
,,,1,1,1,0,2,2,2,,,
,,,1,0,0,2,2,2,2,,,
,,,0,0,2,2,2,2,2,,,
,,,0,0,2,2,2,2,2,,,
,,,0,0,2,2,2,2,2,,,
,,,,,,,,,,,,
,,,,,,,,,,,,
266,,,,,,,,,,,,
,,,1,1,1,1,0,0,0,,,
,,,1,1,1,1,0,0,0,,,
,,,1,1,0,0,2,2,2,,,
,,,1,0,0,2,2,2,2,,,
,,,0,0,2,2,2,2,2,,,
,,,0,0,2,2,2,2,2,,,
,,,0,0,2,2,2,2,2,,,
,,,,,,,,,,,,
,,,,,,,,,,,,
267,,,,,,,,,,,,
,,,1,1,1,1,0,0,0,,,
,,,1,1,1,0,0,0,0,,,
,,,1,1,0,0,2,2,2,,,
,,,1,0,0,2,2,2,2,,,
,,,0,0,2,2,2,2,2,,,
,,,0,0,2,2,2,2,2,,,
,,,0,0,2,2,2,2,2,,,
,,,,,,,,,,,,
,,,,,,,,,,,,
268,,,,,,,,,,,,
,,,1,1,1,0,0,0,0,,,
,,,1,1,1,0,0,0,0,,,
,,,1,1,0,0,2,2,2,,,
,,,1,0,0,2,2,2,2,,,
,,,0,0,2,2,2,2,2,,,
,,,0,0,2,2,2,2,2,,,
,,,0,0,2,2,2,2,2,,,
,,,,,,,,,,,,
,,,,,,,,,,,,
269,,,,,,,,,,,,
,,,1,1,1,0,0,0,0,,,
,,,1,1,0,0,0,0,0,,,
,,,1,1,0,0,2,2,2,,,
,,,1,0,0,2,2,2,2,,,
,,,0,0,2,2,2,2,2,,,
,,,0,0,2,2,2,2,2,,,
,,,0,0,2,2,2,2,2,,,
,,,,,,,,,,,,
,,,,,,,,,,,,
270,,,,,,,,,,,,
,,,1,1,0,4,4,0,2,,,
,,,1,1,0,0,0,0,2,,,
,,,1,1,0,0,2,2,2,,,
,,,1,2,2,2,2,2,2,,,
,,,0,0,2,2,2,2,2,,,
,,,3,2,2,2,2,2,2,,,
,,,3,0,2,2,2,2,2,,,
,,,,,,,,,,,,
,,,,,,,,,,,,
271,,,,,,,,,,,,
,,,1,1,0,4,4,0,0,,,
,,,1,1,0,0,0,0,2,,,
,,,1,1,0,0,2,2,2,,,
,,,1,2,2,2,2,2,2,,,
,,,0,0,2,2,2,2,2,,,
,,,3,2,2,2,2,2,2,,,
,,,3,0,2,2,2,2,2,,,
,,,,,,,,,,,,
,,,,,,,,,,,,
272,,,,,,,,,,,,
,,,1,1,0,0,0,0,0,,,
,,,1,1,0,0,0,0,2,,,
,,,1,1,0,0,2,2,2,,,
,,,1,2,2,2,2,2,2,,,
,,,0,0,2,2,2,2,2,,,
,,,3,2,2,2,2,2,2,,,
,,,3,0,2,2,2,2,2,,,
,,,,,,,,,,,,
,,,,,,,,,,,,
273,,,,,,,,,,,,
,,,1,1,0,0,0,0,0,,,
,,,1,1,0,0,0,0,2,,,
,,,1,1,0,0,2,2,2,,,
,,,1,0,2,2,2,2,2,,,
,,,0,0,2,2,2,2,2,,,
,,,3,2,2,2,2,2,2,,,
,,,3,0,2,2,2,2,2,,,
,,,,,,,,,,,,
,,,,,,,,,,,,
274,,,,,,,,,,,,
,,,1,1,0,0,0,0,0,,,
,,,1,1,0,0,0,0,2,,,
,,,1,1,0,0,2,2,2,,,
,,,1,0,2,2,2,2,2,,,
,,,0,0,2,2,2,2,2,,,
,,,3,0,2,2,2,2,2,,,
,,,3,0,2,2,2,2,2,,,
,,,,,,,,,,,,
,,,,,,,,,,,,
275,,,,,,,,,,,,
,,,1,1,0,0,3,0,0,,,
,,,1,1,0,0,3,0,2,,,
,,,1,1,1,2,2,2,2,,,
,,,1,0,2,2,2,2,2,,,
,,,0,2,2,2,2,2,2,,,
,,,4,0,2,2,2,2,2,,,
,,,4,0,2,2,2,2,2,,,
,,,,,,,,,,,,
,,,,,,,,,,,,
276,,,,,,,,,,,,
,,,1,1,0,0,3,0,0,,,
,,,1,1,0,0,3,0,2,,,
,,,1,1,1,2,2,2,2,,,
,,,1,0,2,2,2,2,2,,,
,,,0,2,2,2,2,2,2,,,
,,,0,0,2,2,2,2,2,,,
,,,0,0,2,2,2,2,2,,,
,,,,,,,,,,,,
,,,,,,,,,,,,
277,,,,,,,,,,,,
,,,1,1,0,0,0,0,0,,,
,,,1,1,0,0,0,0,2,,,
,,,1,1,1,2,2,2,2,,,
,,,1,0,2,2,2,2,2,,,
,,,0,2,2,2,2,2,2,,,
,,,0,0,2,2,2,2,2,,,
,,,0,0,2,2,2,2,2,,,
,,,,,,,,,,,,
,,,,,,,,,,,,
278,,,,,,,,,,,,
,,,1,1,0,0,0,0,0,,,
,,,1,1,0,0,0,0,2,,,
,,,1,1,1,2,2,2,2,,,
,,,1,0,2,2,2,2,2,,,
,,,0,0,2,2,2,2,2,,,
,,,0,0,2,2,2,2,2,,,
,,,0,0,2,2,2,2,2,,,
,,,,,,,,,,,,
,,,,,,,,,,,,
279,,,,,,,,,,,,
,,,1,1,0,0,0,0,0,,,
,,,1,1,0,0,0,0,0,,,
,,,1,1,1,2,2,2,2,,,
,,,1,0,2,2,2,2,2,,,
,,,0,0,2,2,2,2,2,,,
,,,0,0,2,2,2,2,2,,,
,,,0,0,2,2,2,2,2,,,
,,,,,,,,,,,,
,,,,,,,,,,,,
280,,,,,,,,,,,,
,,,1,1,1,0,0,0,0,,,
,,,1,1,0,0,0,3,3,,,
,,,1,1,0,2,2,2,2,,,
,,,1,0,2,2,2,2,2,,,
,,,0,2,2,2,2,2,2,,,
,,,4,2,2,2,2,2,2,,,
,,,4,0,2,2,2,2,2,,,
,,,,,,,,,,,,
,,,,,,,,,,,,
281,,,,,,,,,,,,
,,,1,1,1,0,0,0,0,,,
,,,1,1,0,0,0,3,3,,,
,,,1,1,0,2,2,2,2,,,
,,,1,0,2,2,2,2,2,,,
,,,0,2,2,2,2,2,2,,,
,,,0,2,2,2,2,2,2,,,
,,,0,0,2,2,2,2,2,,,
,,,,,,,,,,,,
,,,,,,,,,,,,
282,,,,,,,,,,,,
,,,1,1,1,0,0,0,0,,,
,,,1,1,0,0,0,0,0,,,
,,,1,1,0,2,2,2,2,,,
,,,1,0,2,2,2,2,2,,,
,,,0,2,2,2,2,2,2,,,
,,,0,2,2,2,2,2,2,,,
,,,0,0,2,2,2,2,2,,,
,,,,,,,,,,,,
,,,,,,,,,,,,
283,,,,,,,,,,,,
,,,1,1,1,0,0,0,0,,,
,,,1,1,0,0,0,0,0,,,
,,,1,1,0,2,2,2,2,,,
,,,1,0,2,2,2,2,2,,,
,,,0,0,2,2,2,2,2,,,
,,,0,2,2,2,2,2,2,,,
,,,0,0,2,2,2,2,2,,,
,,,,,,,,,,,,
,,,,,,,,,,,,
284,,,,,,,,,,,,
,,,1,1,1,0,0,0,0,,,
,,,1,1,0,0,0,0,0,,,
,,,1,1,0,2,2,2,2,,,
,,,1,0,2,2,2,2,2,,,
,,,0,0,2,2,2,2,2,,,
,,,0,0,2,2,2,2,2,,,
,,,0,0,2,2,2,2,2,,,
,,,,,,,,,,,,
,,,,,,,,,,,,
285,,,,,,,,,,,,
,,,1,1,1,0,4,0,0,,,
,,,1,1,3,0,4,5,5,,,
,,,1,0,3,2,2,2,2,,,
,,,1,0,2,2,2,2,2,,,
,,,6,6,2,2,2,2,2,,,
,,,7,7,2,2,2,2,2,,,
,,,0,0,2,2,2,2,2,,,
,,,,,,,,,,,,
,,,,,,,,,,,,
286,,,,,,,,,,,,
,,,1,1,1,0,4,0,0,,,
,,,1,1,3,0,4,5,5,,,
,,,1,0,3,2,2,2,2,,,
,,,1,0,2,2,2,2,2,,,
,,,0,0,2,2,2,2,2,,,
,,,7,7,2,2,2,2,2,,,
,,,0,0,2,2,2,2,2,,,
,,,,,,,,,,,,
,,,,,,,,,,,,
287,,,,,,,,,,,,
,,,1,1,1,0,4,0,0,,,
,,,1,1,3,0,4,5,5,,,
,,,1,0,3,2,2,2,2,,,
,,,1,0,2,2,2,2,2,,,
,,,0,0,2,2,2,2,2,,,
,,,0,0,2,2,2,2,2,,,
,,,0,0,2,2,2,2,2,,,
,,,,,,,,,,,,
,,,,,,,,,,,,
288,,,,,,,,,,,,
,,,1,1,1,0,4,0,0,,,
,,,1,1,0,0,4,5,5,,,
,,,1,0,0,2,2,2,2,,,
,,,1,0,2,2,2,2,2,,,
,,,0,0,2,2,2,2,2,,,
,,,0,0,2,2,2,2,2,,,
,,,0,0,2,2,2,2,2,,,
,,,,,,,,,,,,
,,,,,,,,,,,,
289,,,,,,,,,,,,
,,,1,1,1,0,0,0,0,,,
,,,1,1,0,0,0,5,5,,,
,,,1,0,0,2,2,2,2,,,
,,,1,0,2,2,2,2,2,,,
,,,0,0,2,2,2,2,2,,,
,,,0,0,2,2,2,2,2,,,
,,,0,0,2,2,2,2,2,,,
,,,,,,,,,,,,
,,,,,,,,,,,,
290,,,,,,,,,,,,
,,,1,1,1,0,0,0,0,,,
,,,1,1,0,0,0,0,2,,,
,,,1,0,0,2,2,2,2,,,
,,,1,1,2,2,2,2,2,,,
,,,3,3,2,2,2,2,2,,,
,,,3,0,2,2,2,2,2,,,
,,,0,0,2,2,2,2,2,,,
,,,,,,,,,,,,
,,,,,,,,,,,,
291,,,,,,,,,,,,
,,,1,1,1,0,0,0,0,,,
,,,1,1,0,0,0,0,2,,,
,,,1,0,0,2,2,2,2,,,
,,,1,1,2,2,2,2,2,,,
,,,3,3,2,2,2,2,2,,,
,,,0,0,2,2,2,2,2,,,
,,,0,0,2,2,2,2,2,,,
,,,,,,,,,,,,
,,,,,,,,,,,,
292,,,,,,,,,,,,
,,,1,1,1,0,0,0,0,,,
,,,1,1,0,0,0,0,2,,,
,,,1,0,0,2,2,2,2,,,
,,,1,1,2,2,2,2,2,,,
,,,0,0,2,2,2,2,2,,,
,,,0,0,2,2,2,2,2,,,
,,,0,0,2,2,2,2,2,,,
,,,,,,,,,,,,
,,,,,,,,,,,,
293,,,,,,,,,,,,
,,,1,1,1,0,0,0,0,,,
,,,1,1,0,0,0,0,0,,,
,,,1,0,0,2,2,2,2,,,
,,,1,1,2,2,2,2,2,,,
,,,0,0,2,2,2,2,2,,,
,,,0,0,2,2,2,2,2,,,
,,,0,0,2,2,2,2,2,,,
,,,,,,,,,,,,
,,,,,,,,,,,,
294,,,,,,,,,,,,
,,,1,1,1,0,0,0,0,,,
,,,1,1,0,0,0,0,0,,,
,,,1,0,0,2,2,2,2,,,
,,,1,0,2,2,2,2,2,,,
,,,0,0,2,2,2,2,2,,,
,,,0,0,2,2,2,2,2,,,
,,,0,0,2,2,2,2,2,,,
,,,,,,,,,,,,
,,,,,,,,,,,,
295,,,,,,,,,,,,
,,,1,1,1,0,0,5,5,,,
,,,1,1,4,3,3,0,0,,,
,,,1,0,4,2,2,2,2,,,
,,,0,0,2,2,2,2,2,,,
,,,7,0,2,2,2,2,2,,,
,,,7,0,2,2,2,2,2,,,
,,,6,6,2,2,2,2,2,,,
,,,,,,,,,,,,
,,,,,,,,,,,,
296,,,,,,,,,,,,
,,,1,1,1,0,0,5,5,,,
,,,1,1,4,3,3,0,0,,,
,,,1,0,4,2,2,2,2,,,
,,,0,0,2,2,2,2,2,,,
,,,7,0,2,2,2,2,2,,,
,,,7,0,2,2,2,2,2,,,
,,,0,0,2,2,2,2,2,,,
,,,,,,,,,,,,
,,,,,,,,,,,,
297,,,,,,,,,,,,
,,,1,1,1,0,0,5,5,,,
,,,1,1,4,3,3,0,0,,,
,,,1,0,4,2,2,2,2,,,
,,,0,0,2,2,2,2,2,,,
,,,0,0,2,2,2,2,2,,,
,,,0,0,2,2,2,2,2,,,
,,,0,0,2,2,2,2,2,,,
,,,,,,,,,,,,
,,,,,,,,,,,,
298,,,,,,,,,,,,
,,,1,1,1,0,0,0,0,,,
,,,1,1,4,3,3,0,0,,,
,,,1,0,4,2,2,2,2,,,
,,,0,0,2,2,2,2,2,,,
,,,0,0,2,2,2,2,2,,,
,,,0,0,2,2,2,2,2,,,
,,,0,0,2,2,2,2,2,,,
,,,,,,,,,,,,
,,,,,,,,,,,,
299,,,,,,,,,,,,
,,,1,1,1,0,0,0,0,,,
,,,1,1,4,0,0,0,0,,,
,,,1,0,4,2,2,2,2,,,
,,,0,0,2,2,2,2,2,,,
,,,0,0,2,2,2,2,2,,,
,,,0,0,2,2,2,2,2,,,
,,,0,0,2,2,2,2,2,,,
,,,,,,,,,,,,
,,,,,,,,,,,,
300,,,,,,,,,,,,
,,,1,1,1,0,0,0,0,,,
,,,1,1,0,0,0,3,3,,,
,,,1,1,0,2,2,2,2,,,
,,,0,0,2,2,2,2,2,,,
,,,4,4,2,2,2,2,2,,,
,,,5,0,2,2,2,2,2,,,
,,,5,0,2,2,2,2,2,,,
,,,,,,,,,,,,
,,,,,,,,,,,,
301,,,,,,,,,,,,
,,,1,1,1,0,0,0,0,,,
,,,1,1,0,0,0,0,0,,,
,,,1,1,0,2,2,2,2,,,
,,,0,0,2,2,2,2,2,,,
,,,4,4,2,2,2,2,2,,,
,,,5,0,2,2,2,2,2,,,
,,,5,0,2,2,2,2,2,,,
,,,,,,,,,,,,
,,,,,,,,,,,,
302,,,,,,,,,,,,
,,,1,1,1,0,0,0,0,,,
,,,1,1,0,0,0,0,0,,,
,,,1,1,0,2,2,2,2,,,
,,,0,0,2,2,2,2,2,,,
,,,0,0,2,2,2,2,2,,,
,,,5,0,2,2,2,2,2,,,
,,,5,0,2,2,2,2,2,,,
,,,,,,,,,,,,
,,,,,,,,,,,,
303,,,,,,,,,,,,
,,,1,1,1,0,0,0,0,,,
,,,1,1,0,0,0,0,0,,,
,,,1,1,0,2,2,2,2,,,
,,,0,0,2,2,2,2,2,,,
,,,0,0,2,2,2,2,2,,,
,,,0,0,2,2,2,2,2,,,
,,,0,0,2,2,2,2,2,,,
,,,,,,,,,,,,
,,,,,,,,,,,,
304,,,,,,,,,,,,
,,,1,1,1,0,0,0,0,,,
,,,1,1,0,0,0,0,0,,,
,,,1,0,0,2,2,2,2,,,
,,,0,0,2,2,2,2,2,,,
,,,0,0,2,2,2,2,2,,,
,,,0,0,2,2,2,2,2,,,
,,,0,0,2,2,2,2,2,,,
,,,,,,,,,,,,
,,,,,,,,,,,,
305,,,,,,,,,,,,
,,,1,1,1,0,0,0,0,,,
,,,1,1,1,0,0,0,0,,,
,,,0,3,3,2,2,2,2,,,
,,,0,0,2,2,2,2,2,,,
,,,0,2,2,2,2,2,2,,,
,,,0,2,2,2,2,2,2,,,
,,,0,2,2,2,2,2,2,,,
,,,,,,,,,,,,
,,,,,,,,,,,,
306,,,,,,,,,,,,
,,,1,1,1,0,0,0,0,,,
,,,1,1,1,0,0,0,0,,,
,,,0,0,0,2,2,2,2,,,
,,,0,0,2,2,2,2,2,,,
,,,0,2,2,2,2,2,2,,,
,,,0,2,2,2,2,2,2,,,
,,,0,2,2,2,2,2,2,,,
,,,,,,,,,,,,
,,,,,,,,,,,,
307,,,,,,,,,,,,
,,,1,1,1,0,0,0,0,,,
,,,1,1,0,0,0,0,0,,,
,,,0,0,0,2,2,2,2,,,
,,,0,0,2,2,2,2,2,,,
,,,0,2,2,2,2,2,2,,,
,,,0,2,2,2,2,2,2,,,
,,,0,2,2,2,2,2,2,,,
,,,,,,,,,,,,
,,,,,,,,,,,,
308,,,,,,,,,,,,
,,,1,1,0,0,0,0,0,,,
,,,1,1,0,0,0,0,0,,,
,,,0,0,0,2,2,2,2,,,
,,,0,0,2,2,2,2,2,,,
,,,0,2,2,2,2,2,2,,,
,,,0,2,2,2,2,2,2,,,
,,,0,2,2,2,2,2,2,,,
,,,,,,,,,,,,
,,,,,,,,,,,,
309,,,,,,,,,,,,
,,,1,1,0,0,0,0,0,,,
,,,1,1,0,0,0,0,0,,,
,,,0,0,0,2,2,2,2,,,
,,,0,0,2,2,2,2,2,,,
,,,0,0,2,2,2,2,2,,,
,,,0,2,2,2,2,2,2,,,
,,,0,2,2,2,2,2,2,,,
,,,,,,,,,,,,
,,,,,,,,,,,,
310,,,,,,,,,,,,
,,,1,1,0,3,0,0,0,,,
,,,1,1,0,3,0,2,2,,,
,,,4,4,4,2,2,2,2,,,
,,,0,5,2,2,2,2,2,,,
,,,0,5,2,2,2,2,2,,,
,,,0,0,2,2,2,2,2,,,
,,,0,2,2,2,2,2,2,,,
,,,,,,,,,,,,
,,,,,,,,,,,,
311,,,,,,,,,,,,
,,,1,1,0,3,0,0,0,,,
,,,1,1,0,3,0,2,2,,,
,,,0,4,4,2,2,2,2,,,
,,,0,5,2,2,2,2,2,,,
,,,0,5,2,2,2,2,2,,,
,,,0,0,2,2,2,2,2,,,
,,,0,2,2,2,2,2,2,,,
,,,,,,,,,,,,
,,,,,,,,,,,,
312,,,,,,,,,,,,
,,,1,1,0,3,0,0,0,,,
,,,1,1,0,3,0,2,2,,,
,,,0,0,0,2,2,2,2,,,
,,,0,5,2,2,2,2,2,,,
,,,0,5,2,2,2,2,2,,,
,,,0,0,2,2,2,2,2,,,
,,,0,2,2,2,2,2,2,,,
,,,,,,,,,,,,
,,,,,,,,,,,,
313,,,,,,,,,,,,
,,,1,1,0,3,0,0,0,,,
,,,1,1,0,3,0,2,2,,,
,,,0,0,0,2,2,2,2,,,
,,,0,0,2,2,2,2,2,,,
,,,0,0,2,2,2,2,2,,,
,,,0,0,2,2,2,2,2,,,
,,,0,2,2,2,2,2,2,,,
,,,,,,,,,,,,
,,,,,,,,,,,,
314,,,,,,,,,,,,
,,,1,1,0,0,0,0,0,,,
,,,1,1,0,0,0,2,2,,,
,,,0,0,0,2,2,2,2,,,
,,,0,0,2,2,2,2,2,,,
,,,0,0,2,2,2,2,2,,,
,,,0,0,2,2,2,2,2,,,
,,,0,2,2,2,2,2,2,,,
,,,,,,,,,,,,
,,,,,,,,,,,,
315,,,,,,,,,,,,
,,,1,1,0,3,3,0,2,,,
,,,1,1,1,0,0,2,2,,,
,,,0,6,6,2,2,2,2,,,
,,,0,0,2,2,2,2,2,,,
,,,0,2,2,2,2,2,2,,,
,,,0,0,2,2,2,2,2,,,
,,,0,0,2,2,2,2,2,,,
,,,,,,,,,,,,
,,,,,,,,,,,,
316,,,,,,,,,,,,
,,,1,1,0,3,3,0,0,,,
,,,1,1,1,0,0,2,2,,,
,,,0,6,6,2,2,2,2,,,
,,,0,0,2,2,2,2,2,,,
,,,0,2,2,2,2,2,2,,,
,,,0,0,2,2,2,2,2,,,
,,,0,0,2,2,2,2,2,,,
,,,,,,,,,,,,
,,,,,,,,,,,,
317,,,,,,,,,,,,
,,,1,1,0,0,0,0,0,,,
,,,1,1,1,0,0,2,2,,,
,,,0,6,6,2,2,2,2,,,
,,,0,0,2,2,2,2,2,,,
,,,0,2,2,2,2,2,2,,,
,,,0,0,2,2,2,2,2,,,
,,,0,0,2,2,2,2,2,,,
,,,,,,,,,,,,
,,,,,,,,,,,,
318,,,,,,,,,,,,
,,,1,1,0,0,0,0,0,,,
,,,1,1,1,0,0,2,2,,,
,,,0,0,0,2,2,2,2,,,
,,,0,0,2,2,2,2,2,,,
,,,0,2,2,2,2,2,2,,,
,,,0,0,2,2,2,2,2,,,
,,,0,0,2,2,2,2,2,,,
,,,,,,,,,,,,
,,,,,,,,,,,,
319,,,,,,,,,,,,
,,,1,1,0,0,0,0,0,,,
,,,1,1,1,0,0,2,2,,,
,,,0,0,0,2,2,2,2,,,
,,,0,0,2,2,2,2,2,,,
,,,0,0,2,2,2,2,2,,,
,,,0,0,2,2,2,2,2,,,
,,,0,0,2,2,2,2,2,,,
,,,,,,,,,,,,
,,,,,,,,,,,,
320,,,,,,,,,,,,
,,,1,1,0,0,0,0,0,,,
,,,1,1,1,0,2,2,2,,,
,,,1,0,2,2,2,2,2,,,
,,,3,3,2,2,2,2,2,,,
,,,0,0,2,2,2,2,2,,,
,,,0,0,2,2,2,2,2,,,
,,,0,0,2,2,2,2,2,,,
,,,,,,,,,,,,
,,,,,,,,,,,,
321,,,,,,,,,,,,
,,,1,1,0,0,0,0,0,,,
,,,1,1,1,0,2,2,2,,,
,,,1,0,2,2,2,2,2,,,
,,,0,0,2,2,2,2,2,,,
,,,0,0,2,2,2,2,2,,,
,,,0,0,2,2,2,2,2,,,
,,,0,0,2,2,2,2,2,,,
,,,,,,,,,,,,
,,,,,,,,,,,,
322,,,,,,,,,,,,
,,,1,1,0,0,0,0,0,,,
,,,1,1,0,0,2,2,2,,,
,,,1,0,2,2,2,2,2,,,
,,,0,0,2,2,2,2,2,,,
,,,0,0,2,2,2,2,2,,,
,,,0,0,2,2,2,2,2,,,
,,,0,0,2,2,2,2,2,,,
,,,,,,,,,,,,
,,,,,,,,,,,,
323,,,,,,,,,,,,
,,,1,1,0,0,0,0,0,,,
,,,1,0,0,0,2,2,2,,,
,,,1,0,2,2,2,2,2,,,
,,,0,0,2,2,2,2,2,,,
,,,0,0,2,2,2,2,2,,,
,,,0,0,2,2,2,2,2,,,
,,,0,0,2,2,2,2,2,,,
,,,,,,,,,,,,
,,,,,,,,,,,,
324,,,,,,,,,,,,
,,,1,0,0,0,0,0,0,,,
,,,1,0,0,0,2,2,2,,,
,,,1,0,2,2,2,2,2,,,
,,,0,0,2,2,2,2,2,,,
,,,0,0,2,2,2,2,2,,,
,,,0,0,2,2,2,2,2,,,
,,,0,0,2,2,2,2,2,,,
,,,,,,,,,,,,
,,,,,,,,,,,,
325,,,,,,,,,,,,
,,,1,0,0,0,0,2,0,,,
,,,1,1,4,4,0,2,2,,,
,,,1,0,2,2,2,2,2,,,
,,,1,0,2,2,2,2,2,,,
,,,0,0,2,2,2,2,2,,,
,,,0,3,2,2,2,2,2,,,
,,,0,3,2,2,2,2,2,,,
,,,,,,,,,,,,
,,,,,,,,,,,,
326,,,,,,,,,,,,
,,,1,0,0,0,0,0,0,,,
,,,1,1,4,4,0,2,2,,,
,,,1,0,2,2,2,2,2,,,
,,,1,0,2,2,2,2,2,,,
,,,0,0,2,2,2,2,2,,,
,,,0,3,2,2,2,2,2,,,
,,,0,3,2,2,2,2,2,,,
,,,,,,,,,,,,
,,,,,,,,,,,,
327,,,,,,,,,,,,
,,,1,0,0,0,0,0,0,,,
,,,1,1,0,0,0,2,2,,,
,,,1,0,2,2,2,2,2,,,
,,,1,0,2,2,2,2,2,,,
,,,0,0,2,2,2,2,2,,,
,,,0,3,2,2,2,2,2,,,
,,,0,3,2,2,2,2,2,,,
,,,,,,,,,,,,
,,,,,,,,,,,,
328,,,,,,,,,,,,
,,,1,0,0,0,0,0,0,,,
,,,1,1,0,0,0,2,2,,,
,,,1,0,2,2,2,2,2,,,
,,,1,0,2,2,2,2,2,,,
,,,0,0,2,2,2,2,2,,,
,,,0,0,2,2,2,2,2,,,
,,,0,0,2,2,2,2,2,,,
,,,,,,,,,,,,
,,,,,,,,,,,,
329,,,,,,,,,,,,
,,,1,0,0,0,0,0,0,,,
,,,1,1,0,0,0,0,2,,,
,,,1,0,2,2,2,2,2,,,
,,,1,0,2,2,2,2,2,,,
,,,0,0,2,2,2,2,2,,,
,,,0,0,2,2,2,2,2,,,
,,,0,0,2,2,2,2,2,,,
,,,,,,,,,,,,
,,,,,,,,,,,,
330,,,,,,,,,,,,
,,,1,0,0,0,0,0,0,,,
,,,1,1,2,2,0,0,0,,,
,,,1,0,2,2,2,2,2,,,
,,,1,1,2,2,2,2,2,,,
,,,3,3,2,2,2,2,2,,,
,,,4,4,2,2,2,2,2,,,
,,,4,4,2,2,2,2,2,,,
,,,,,,,,,,,,
,,,,,,,,,,,,
331,,,,,,,,,,,,
,,,1,0,0,0,0,0,0,,,
,,,1,1,2,2,0,0,0,,,
,,,1,0,2,2,2,2,2,,,
,,,1,1,2,2,2,2,2,,,
,,,0,0,2,2,2,2,2,,,
,,,4,4,2,2,2,2,2,,,
,,,4,4,2,2,2,2,2,,,
,,,,,,,,,,,,
,,,,,,,,,,,,
332,,,,,,,,,,,,
,,,1,0,0,0,0,0,0,,,
,,,1,1,2,2,0,0,0,,,
,,,1,0,2,2,2,2,2,,,
,,,1,1,2,2,2,2,2,,,
,,,0,0,2,2,2,2,2,,,
,,,4,4,2,2,2,2,2,,,
,,,4,0,2,2,2,2,2,,,
,,,,,,,,,,,,
,,,,,,,,,,,,
333,,,,,,,,,,,,
,,,1,0,0,0,0,0,0,,,
,,,1,1,2,2,0,0,0,,,
,,,1,0,2,2,2,2,2,,,
,,,1,1,2,2,2,2,2,,,
,,,0,0,2,2,2,2,2,,,
,,,4,0,2,2,2,2,2,,,
,,,4,0,2,2,2,2,2,,,
,,,,,,,,,,,,
,,,,,,,,,,,,
334,,,,,,,,,,,,
,,,1,0,0,0,0,0,0,,,
,,,1,1,2,2,0,0,0,,,
,,,1,0,2,2,2,2,2,,,
,,,1,1,2,2,2,2,2,,,
,,,0,0,2,2,2,2,2,,,
,,,0,0,2,2,2,2,2,,,
,,,0,0,2,2,2,2,2,,,
,,,,,,,,,,,,
,,,,,,,,,,,,
335,,,,,,,,,,,,
,,,1,0,0,3,3,0,0,,,
,,,1,1,1,2,0,0,0,,,
,,,1,1,2,2,2,2,2,,,
,,,1,1,2,2,2,2,2,,,
,,,0,1,2,2,2,2,2,,,
,,,0,2,2,2,2,2,2,,,
,,,0,0,2,2,2,2,2,,,
,,,,,,,,,,,,
,,,,,,,,,,,,
336,,,,,,,,,,,,
,,,1,0,0,0,0,0,0,,,
,,,1,1,1,2,0,0,0,,,
,,,1,1,2,2,2,2,2,,,
,,,1,1,2,2,2,2,2,,,
,,,0,1,2,2,2,2,2,,,
,,,0,2,2,2,2,2,2,,,
,,,0,0,2,2,2,2,2,,,
,,,,,,,,,,,,
,,,,,,,,,,,,
337,,,,,,,,,,,,
,,,1,0,0,0,0,0,0,,,
,,,1,1,1,2,0,0,0,,,
,,,1,1,2,2,2,2,2,,,
,,,1,1,2,2,2,2,2,,,
,,,0,1,2,2,2,2,2,,,
,,,0,0,2,2,2,2,2,,,
,,,0,0,2,2,2,2,2,,,
,,,,,,,,,,,,
,,,,,,,,,,,,
338,,,,,,,,,,,,
,,,1,0,0,0,0,0,0,,,
,,,1,1,1,0,0,0,0,,,
,,,1,1,2,2,2,2,2,,,
,,,1,1,2,2,2,2,2,,,
,,,0,1,2,2,2,2,2,,,
,,,0,0,2,2,2,2,2,,,
,,,0,0,2,2,2,2,2,,,
,,,,,,,,,,,,
,,,,,,,,,,,,
339,,,,,,,,,,,,
,,,1,0,0,0,0,0,0,,,
,,,1,1,0,0,0,0,0,,,
,,,1,1,2,2,2,2,2,,,
,,,1,1,2,2,2,2,2,,,
,,,0,1,2,2,2,2,2,,,
,,,0,0,2,2,2,2,2,,,
,,,0,0,2,2,2,2,2,,,
,,,,,,,,,,,,
,,,,,,,,,,,,
340,,,,,,,,,,,,
,,,1,0,0,3,3,3,0,,,
,,,1,1,5,5,0,3,0,,,
,,,1,1,2,2,2,2,2,,,
,,,1,1,2,2,2,2,2,,,
,,,0,2,2,2,2,2,2,,,
,,,0,2,2,2,2,2,2,,,
,,,0,0,2,2,2,2,2,,,
,,,,,,,,,,,,
,,,,,,,,,,,,
341,,,,,,,,,,,,
,,,1,0,0,3,3,3,0,,,
,,,1,1,0,0,0,3,0,,,
,,,1,1,2,2,2,2,2,,,
,,,1,1,2,2,2,2,2,,,
,,,0,2,2,2,2,2,2,,,
,,,0,2,2,2,2,2,2,,,
,,,0,0,2,2,2,2,2,,,
,,,,,,,,,,,,
,,,,,,,,,,,,
342,,,,,,,,,,,,
,,,1,0,0,3,3,3,0,,,
,,,1,1,0,0,0,0,0,,,
,,,1,1,2,2,2,2,2,,,
,,,1,1,2,2,2,2,2,,,
,,,0,2,2,2,2,2,2,,,
,,,0,2,2,2,2,2,2,,,
,,,0,0,2,2,2,2,2,,,
,,,,,,,,,,,,
,,,,,,,,,,,,
343,,,,,,,,,,,,
,,,1,0,0,3,3,0,0,,,
,,,1,1,0,0,0,0,0,,,
,,,1,1,2,2,2,2,2,,,
,,,1,1,2,2,2,2,2,,,
,,,0,2,2,2,2,2,2,,,
,,,0,2,2,2,2,2,2,,,
,,,0,0,2,2,2,2,2,,,
,,,,,,,,,,,,
,,,,,,,,,,,,
344,,,,,,,,,,,,
,,,1,0,0,0,0,0,0,,,
,,,1,1,0,0,0,0,0,,,
,,,1,1,2,2,2,2,2,,,
,,,1,1,2,2,2,2,2,,,
,,,0,2,2,2,2,2,2,,,
,,,0,2,2,2,2,2,2,,,
,,,0,0,2,2,2,2,2,,,
,,,,,,,,,,,,
,,,,,,,,,,,,
345,,,,,,,,,,,,
,,,1,1,1,0,4,0,3,,,
,,,1,1,1,0,4,3,3,,,
,,,1,1,2,2,2,2,2,,,
,,,1,1,2,2,2,2,2,,,
,,,0,0,2,2,2,2,2,,,
,,,0,2,2,2,2,2,2,,,
,,,0,0,2,2,2,2,2,,,
,,,,,,,,,,,,
,,,,,,,,,,,,
346,,,,,,,,,,,,
,,,1,1,1,0,4,0,0,,,
,,,1,1,1,0,4,3,3,,,
,,,1,1,2,2,2,2,2,,,
,,,1,1,2,2,2,2,2,,,
,,,0,0,2,2,2,2,2,,,
,,,0,2,2,2,2,2,2,,,
,,,0,0,2,2,2,2,2,,,
,,,,,,,,,,,,
,,,,,,,,,,,,
347,,,,,,,,,,,,
,,,1,1,1,0,4,0,0,,,
,,,1,1,1,0,4,0,0,,,
,,,1,1,2,2,2,2,2,,,
,,,1,1,2,2,2,2,2,,,
,,,0,0,2,2,2,2,2,,,
,,,0,2,2,2,2,2,2,,,
,,,0,0,2,2,2,2,2,,,
,,,,,,,,,,,,
,,,,,,,,,,,,
348,,,,,,,,,,,,
,,,1,1,1,0,0,0,0,,,
,,,1,1,1,0,0,0,0,,,
,,,1,1,2,2,2,2,2,,,
,,,1,1,2,2,2,2,2,,,
,,,0,0,2,2,2,2,2,,,
,,,0,2,2,2,2,2,2,,,
,,,0,0,2,2,2,2,2,,,
,,,,,,,,,,,,
,,,,,,,,,,,,
349,,,,,,,,,,,,
,,,1,1,1,0,0,0,0,,,
,,,1,1,1,0,0,0,0,,,
,,,1,1,2,2,2,2,2,,,
,,,1,1,2,2,2,2,2,,,
,,,0,0,2,2,2,2,2,,,
,,,0,0,2,2,2,2,2,,,
,,,0,0,2,2,2,2,2,,,
,,,,,,,,,,,,
,,,,,,,,,,,,
350,,,,,,,,,,,,
,,,1,1,1,1,3,0,0,,,
,,,1,1,1,1,3,4,4,,,
,,,1,1,2,2,2,2,2,,,
,,,1,1,2,2,2,2,2,,,
,,,0,1,2,2,2,2,2,,,
,,,0,0,2,2,2,2,2,,,
,,,0,0,2,2,2,2,2,,,
,,,,,,,,,,,,
,,,,,,,,,,,,
351,,,,,,,,,,,,
,,,1,1,1,1,0,0,0,,,
,,,1,1,1,1,0,4,4,,,
,,,1,1,2,2,2,2,2,,,
,,,1,1,2,2,2,2,2,,,
,,,0,1,2,2,2,2,2,,,
,,,0,0,2,2,2,2,2,,,
,,,0,0,2,2,2,2,2,,,
,,,,,,,,,,,,
,,,,,,,,,,,,
352,,,,,,,,,,,,
,,,1,1,1,1,0,0,0,,,
,,,1,1,1,1,0,0,0,,,
,,,1,1,2,2,2,2,2,,,
,,,1,1,2,2,2,2,2,,,
,,,0,1,2,2,2,2,2,,,
,,,0,0,2,2,2,2,2,,,
,,,0,0,2,2,2,2,2,,,
,,,,,,,,,,,,
,,,,,,,,,,,,
353,,,,,,,,,,,,
,,,1,1,1,1,0,0,0,,,
,,,1,1,1,1,0,0,0,,,
,,,1,1,0,2,2,2,2,,,
,,,1,1,2,2,2,2,2,,,
,,,0,1,2,2,2,2,2,,,
,,,0,0,2,2,2,2,2,,,
,,,0,0,2,2,2,2,2,,,
,,,,,,,,,,,,
,,,,,,,,,,,,
354,,,,,,,,,,,,
,,,1,1,1,1,0,0,0,,,
,,,1,1,1,1,0,0,0,,,
,,,1,1,0,2,2,2,2,,,
,,,1,1,0,2,2,2,2,,,
,,,0,1,2,2,2,2,2,,,
,,,0,0,2,2,2,2,2,,,
,,,0,0,2,2,2,2,2,,,
,,,,,,,,,,,,
,,,,,,,,,,,,
355,,,,,,,,,,,,
,,,1,1,1,1,0,3,0,,,
,,,1,1,1,1,0,3,0,,,
,,,1,1,2,2,2,2,2,,,
,,,1,1,0,2,2,2,2,,,
,,,0,1,2,2,2,2,2,,,
,,,5,5,2,2,2,2,2,,,
,,,5,5,2,2,2,2,2,,,
,,,,,,,,,,,,
,,,,,,,,,,,,
356,,,,,,,,,,,,
,,,1,1,1,1,0,3,0,,,
,,,1,1,1,1,0,3,0,,,
,,,1,1,0,2,2,2,2,,,
,,,1,1,0,2,2,2,2,,,
,,,0,1,2,2,2,2,2,,,
,,,5,5,2,2,2,2,2,,,
,,,5,5,2,2,2,2,2,,,
,,,,,,,,,,,,
,,,,,,,,,,,,
357,,,,,,,,,,,,
,,,1,1,1,1,0,3,0,,,
,,,1,1,1,1,0,3,0,,,
,,,1,1,0,0,2,2,2,,,
,,,1,1,0,2,2,2,2,,,
,,,0,1,2,2,2,2,2,,,
,,,5,5,2,2,2,2,2,,,
,,,5,5,2,2,2,2,2,,,
,,,,,,,,,,,,
,,,,,,,,,,,,
358,,,,,,,,,,,,
,,,1,1,1,1,0,0,0,,,
,,,1,1,1,1,0,0,0,,,
,,,1,1,0,0,2,2,2,,,
,,,1,1,0,2,2,2,2,,,
,,,0,1,2,2,2,2,2,,,
,,,5,5,2,2,2,2,2,,,
,,,5,5,2,2,2,2,2,,,
,,,,,,,,,,,,
,,,,,,,,,,,,
359,,,,,,,,,,,,
,,,1,1,1,1,0,0,0,,,
,,,1,1,1,1,0,0,0,,,
,,,1,1,0,0,2,2,2,,,
,,,1,1,0,2,2,2,2,,,
,,,0,1,2,2,2,2,2,,,
,,,0,5,2,2,2,2,2,,,
,,,5,5,2,2,2,2,2,,,
,,,,,,,,,,,,
,,,,,,,,,,,,
360,,,,,,,,,,,,
,,,1,1,1,1,1,0,0,,,
,,,1,1,1,1,1,0,1,,,
,,,1,1,1,1,1,1,1,,,
,,,1,1,1,1,1,1,1,,,
,,,0,1,1,1,1,1,1,,,
,,,5,5,1,1,1,1,1,,,
,,,0,5,1,1,1,1,1,,,
,,,,,,,,,,,,
,,,,,,,,,,,,
361,,,,,,,,,,,,
,,,1,1,1,1,1,0,0,,,
,,,1,1,1,1,1,0,1,,,
,,,1,1,1,1,1,1,1,,,
,,,1,1,1,1,1,1,1,,,
,,,0,1,1,1,1,1,1,,,
,,,5,5,1,1,1,1,1,,,
,,,0,0,1,1,1,1,1,,,
